Date,Open,High,Low,Close
2018-01-02,63.7175,63.7175,63.4375,63.445
2018-01-03,63.68,63.685,63.45,63.535
2018-01-04,63.48,63.505,63.365,63.3925
2018-01-05,63.335,63.415,63.325,63.388
2018-01-08,63.3275,63.445,63.285,63.3875
2018-01-09,63.3475,63.725,63.3475,63.6825
2018-01-10,63.675,63.835,63.5525,63.615
2018-01-11,63.7425,63.795,63.6425,63.6575
2018-01-12,63.77,63.77,63.48,63.6225
2018-01-15,63.5375,63.5375,63.34,63.455
2018-01-16,63.385,64.105,63.385,64.04
2018-01-17,63.7,64.0425,63.7,63.845
2018-01-18,63.935,63.935,63.745,63.8375
2018-01-19,63.83,63.83,63.65,63.79
2018-01-22,63.95,63.95,63.715,63.84
2018-01-23,63.8975,63.8975,63.74,63.79
2018-01-24,63.87,63.87,63.62,63.67
2018-01-25,63.6725,63.6725,63.475,63.58
2018-01-29,63.51,63.585,63.48,63.5275
2018-01-30,63.52,63.805,63.52,63.63
2018-01-31,63.735,63.735,63.595,63.595
2018-02-01,63.6825,63.91,63.55,63.84
2018-02-02,63.625,64.1625,63.625,64.06
2018-02-05,64.115,64.1325,64.01,64.065
2018-02-06,64.02,64.34,64.02,64.2
2018-02-07,64.13,64.285,64.1,64.285
2018-02-08,64.165,64.315,64.1475,64.2525
2018-02-09,64.36,64.425,64.29,64.415
2018-02-12,64.2575,64.3225,64.23,64.3175
2018-02-14,64.125,64.1875,64.04,64.065
2018-02-15,64.1325,64.1325,63.865,63.93
2018-02-16,63.92,64.195,63.84,64.175
2018-02-20,64.24,64.8525,64.24,64.7875
2018-02-21,64.5125,64.89,64.5125,64.73
2018-02-22,64.85,65.1,64.85,65.005
2018-02-23,64.98,64.98,64.71,64.7325
2018-02-26,64.8625,64.8625,64.6225,64.6975
2018-02-27,64.92,64.9525,64.82,64.87
2018-02-28,64.885,65.305,64.885,65.145
2018-03-01,65.15,65.24,65.1,65.22
2018-03-05,65.02,65.13,65.01,65.12
2018-03-06,65.025,65.115,64.94,65.08
2018-03-07,64.9925,65,64.87,64.88
2018-03-08,64.975,65.1,64.89,65.0825
2018-03-09,64.945,65.1875,64.945,65.155
2018-03-12,64.975,65.025,64.96,65.02
2018-03-13,64.94,65,64.8425,64.87
2018-03-14,64.9775,65.025,64.84,64.84
2018-03-15,64.92,64.975,64.8175,64.91
2018-03-16,64.9,64.98,64.84,64.975
2018-03-19,65.025,65.13,65.015,65.11
2018-03-20,65.225,65.24,65.1575,65.19
2018-03-21,65.21,65.2225,65.19,65.205
2018-03-22,65.11,65.15,65.02,65.12
2018-03-23,65.1425,65.1525,64.975,65.0175
2018-03-26,65.145,65.145,64.7975,64.83
2018-03-27,64.895,64.895,64.7475,64.89
2018-03-28,64.9475,65.135,64.93,65.135
2018-04-03,65.085,65.125,64.98,65.035
2018-04-04,65.045,65.115,64.9,65.105
2018-04-05,64.975,65.0925,64.9475,64.99
2018-04-06,65.0075,65.03,64.935,64.98
2018-04-09,64.86,65.01,64.86,65.01
2018-04-10,64.91,65.0175,64.89,65.01
2018-04-11,65.105,65.28,65.025,65.185
2018-04-12,65.3525,65.435,65.32,65.35
2018-04-13,65.255,65.28,65.2,65.255
2018-04-16,65.225,65.46,65.225,65.37
2018-04-17,65.4175,65.685,65.4175,65.665
2018-04-18,65.7425,65.76,65.63,65.65
2018-04-19,65.67,65.82,65.67,65.76
2018-04-20,65.79,66.095,65.7575,66.0325
2018-04-23,65.99,66.4675,65.99,66.4575
2018-04-24,66.2,66.45,66.2,66.3475
2018-04-25,66.3175,66.8025,66.3175,66.7725
2018-04-26,66.675,66.87,66.675,66.785
2018-04-27,66.8575,66.8575,66.6675,66.745
2018-05-02,66.6775,66.77,66.63,66.675
2018-05-03,66.575,66.665,66.54,66.57
2018-05-04,66.635,66.885,66.63,66.87
2018-05-07,66.735,67.15,66.735,67.145
2018-05-08,67.095,67.275,66.985,67.0725
2018-05-09,67.16,67.47,67.16,67.32
2018-05-10,67.365,67.43,67.23,67.2675
2018-05-11,67.3725,67.3725,67.1475,67.27
2018-05-14,67.23,67.515,67.215,67.5025
2018-05-15,67.2075,67.9075,67.2075,67.865
2018-05-16,67.875,67.9,67.75,67.8875
2018-05-17,67.61,67.795,67.61,67.7
2018-05-18,67.67,68.08,67.67,68.0425
2018-05-21,68.11,68.13,68.02,68.0725
2018-05-22,68.08,68.08,67.93,68.025
2018-05-23,67.99,68.38,67.99,68.37
2018-05-24,68.195,68.4125,68.195,68.325
2018-05-25,68.215,68.2775,67.71,67.77
2018-05-28,67.405,67.4725,67.2925,67.3475
2018-05-29,67.675,67.985,67.675,67.85
2018-05-30,67.73,67.8525,67.425,67.4375
2018-05-31,67.355,67.58,67.35,67.43
2018-06-01,67.22,67.2975,67.005,67.12
2018-06-04,67.15,67.15,66.945,67.0725
2018-06-05,67.07,67.2175,67.07,67.15
2018-06-06,67.18,67.18,66.955,66.955
2018-06-07,67.05,67.14,66.99,67.07
2018-06-08,67.105,67.715,67.105,67.6975
2018-06-11,67.43,67.44,67.28,67.4225
2018-06-12,67.38,67.505,67.3575,67.385
2018-06-13,67.445,67.7,67.445,67.635
2018-06-14,67.59,67.72,67.575,67.6575
2018-06-15,67.93,68.025,67.89,67.95
2018-06-18,68.0925,68.0925,67.94,68.05
2018-06-19,68.0475,68.3375,67.99,68.325
2018-06-20,68.115,68.175,68.02,68.16
2018-06-21,68.06,68.23,68.06,68.155
2018-06-22,68.165,68.165,67.705,67.7875
2018-06-25,68.0825,68.165,68.06,68.08
2018-06-26,68.08,68.21,68.0725,68.155
2018-06-27,68.17,68.665,68.17,68.565
2018-06-28,68.53,69.0575,68.53,68.85
2018-06-29,68.5875,68.61,68.36,68.44
2018-07-02,68.9475,68.9475,68.42,68.73
2018-07-03,68.91,68.9475,68.59,68.65
2018-07-04,68.7575,68.7575,68.475,68.6725
2018-07-05,68.8325,69,68.69,68.97
2018-07-06,68.855,68.965,68.8125,68.9425
2018-07-09,68.85,68.85,68.6,68.69
2018-07-10,68.7825,68.84,68.735,68.79
2018-07-11,68.805,68.89,68.7425,68.8025
2018-07-12,68.85,68.88,68.505,68.61
2018-07-13,68.6425,68.6425,68.33,68.435
2018-07-16,68.415,68.705,68.415,68.64
2018-07-17,68.3575,68.4475,68.27,68.38
2018-07-18,68.45,68.62,68.44,68.565
2018-07-19,68.54,69.06,68.54,68.97
2018-07-20,68.5325,68.9925,68.53,68.8425
2018-07-23,68.67,68.84,68.67,68.8225
2018-07-24,68.9225,69.0825,68.9025,68.9525
2018-07-25,68.895,68.905,68.685,68.705
2018-07-26,68.68,68.7525,68.62,68.65
2018-07-27,68.58,68.75,68.53,68.745
2018-07-30,68.76,68.7725,68.63,68.665
2018-07-31,68.73,68.73,68.5575,68.625
2018-08-01,68.5175,68.6225,68.505,68.525
2018-08-02,68.3575,68.7,68.3275,68.685
2018-08-03,68.7275,68.84,68.6675,68.765
2018-08-06,68.705,68.745,68.5625,68.705
2018-08-07,68.67,68.88,68.655,68.67
2018-08-08,68.6175,68.7025,68.575,68.68
2018-08-09,68.5175,68.6625,68.5175,68.6325
2018-08-10,68.7775,69.01,68.77,68.88
2018-08-13,69.5275,69.845,69.41,69.835
2018-08-14,69.79,70.03,69.71,69.85
2018-08-16,70.19,70.385,70.15,70.2925
2018-08-20,69.835,69.86,69.5975,69.725
2018-08-21,69.6025,69.86,69.525,69.85
2018-08-23,69.98,70.14,69.98,70.065
2018-08-24,70.13,70.21,70.06,70.065
2018-08-27,69.83,70.07,69.8225,70.015
2018-08-28,70.1,70.275,70.07,70.1025
2018-08-29,70.3225,70.56,70.3,70.455
2018-08-30,70.65,70.8475,70.65,70.73
2018-08-31,70.965,70.98,70.855,70.89
2018-09-03,70.805,71.06,70.735,71.05
2018-09-04,71.1975,71.53,71.0925,71.525
2018-09-05,71.515,71.985,71.515,71.7675
2018-09-06,71.87,72.095,71.805,71.99
2018-09-07,71.86,71.95,71.71,71.785
2018-09-10,72.31,72.6675,72.18,72.32
2018-09-11,72.375,72.74,72.24,72.62
2018-09-12,72.83,72.865,72.02,72.065
2018-09-14,71.7925,71.9225,71.525,71.915
2018-09-17,72.4825,72.68,72.33,72.45
2018-09-18,72.4375,72.775,72.3575,72.75
2018-09-19,72.595,72.83,72.4825,72.81
2018-09-21,71.9525,72.365,71.7675,72.165
2018-09-24,72.36,72.73,72.36,72.63
2018-09-25,72.81,72.8975,72.5725,72.64
2018-09-26,72.64,72.745,72.57,72.6425
2018-09-27,72.48,72.75,72.48,72.59
2018-09-28,72.61,72.645,72.51,72.565
2018-10-01,72.75,72.8525,72.72,72.825
2018-10-03,73.385,73.385,72.925,73.27
2018-10-04,73.74,73.805,73.555,73.73
2018-10-05,73.4925,74.245,73.4925,74.095
2018-10-08,73.845,74.0875,73.83,74.045
2018-10-09,73.98,74.28,73.98,74.275
2018-10-10,74.235,74.27,74.0625,74.18
2018-10-11,74.42,74.4425,74.035,74.1425
2018-10-12,73.715,73.84,73.59,73.6625
2018-10-15,73.8675,74.0575,73.82,74
2018-10-16,73.88,73.955,73.58,73.72
2018-10-17,73.4325,73.59,73.4325,73.58
2018-10-19,73.47,73.55,73.39,73.435
2018-10-22,73.27,73.455,73.19,73.45
2018-10-23,73.7725,73.82,73.52,73.53
2018-10-24,73.2675,73.325,73.145,73.1875
2018-10-25,73.345,73.36,73.165,73.2075
2018-10-26,73.37,73.4325,73.265,73.3425
2018-10-29,73.34,73.52,73.34,73.48
2018-10-30,73.56,73.6925,73.51,73.6875
2018-10-31,74.0375,74.06,73.79,73.9475
2018-11-01,73.8,73.845,73.46,73.53
2018-11-02,72.83,72.8875,72.4825,72.49
2018-11-05,72.9175,73.125,72.915,73.125
2018-11-06,73,73.0675,72.9525,73.0675
2018-11-09,72.7875,72.8,72.4675,72.4725
2018-11-12,72.95,73.06,72.8825,72.925
2018-11-13,72.5675,72.675,72.5475,72.6575
2018-11-14,72.1,72.4,72.05,72.3
2018-11-15,72.125,72.18,71.87,71.9725
2018-11-16,71.94,71.955,71.72,71.8325
2018-11-19,71.965,72.0025,71.55,71.5925
2018-11-20,71.34,71.51,71.3,71.48
2018-11-22,71.17,71.185,70.915,70.925
2018-11-26,70.61,70.84,70.48,70.84
2018-11-27,70.875,70.955,70.705,70.78
2018-11-28,70.64,70.75,70.575,70.6325
2018-11-29,70.0325,70.05,69.775,69.8375
2018-11-30,69.66,69.89,69.59,69.6925
2018-12-03,70.005,70.3875,70.005,70.37
2018-12-04,70.405,70.68,70.32,70.54
2018-12-05,70.5925,70.6475,70.38,70.535
2018-12-06,70.99,71.13,70.7975,70.85
2018-12-07,70.5175,70.81,70.5175,70.76
2018-12-10,71.3275,71.435,71.235,71.37
2018-12-11,72.144,72.18,71.729,71.854
2018-12-12,71.969,72.116,71.856,71.94
2018-12-13,71.581,71.691,71.5,71.675
2018-12-14,71.731,71.93,71.711,71.875
2018-12-17,71.761,71.779,71.543,71.575
2018-12-18,71.275,71.291,70.734,70.835
2018-12-19,70.114,70.465,70.066,70.3975
2018-12-20,70.429,70.45,69.85,69.8525
2018-12-21,69.989,70.306,69.886,70.006
2018-12-24,70.246,70.266,69.88,70.1275
2018-12-26,70.015,70.16,69.916,70.15
2018-12-27,70.2525,70.3825,70.23,70.3675
2018-12-28,69.984,70.075,69.9,70.0575
2018-12-31,69.874,69.876,69.74,69.8125
2019-01-02,69.67,70.13,69.55,70.12
2019-01-03,70.495,70.511,70.034,70.1
2019-01-04,69.906,69.911,69.717,69.735
2019-01-07,69.336,69.92,69.33,69.6775
2019-01-08,70.116,70.1875,69.917,70.1875
2019-01-09,70.37,70.633,70.318,70.508
2019-01-10,70.586,70.645,70.441,70.441
2019-01-11,70.431,70.585,70.4275,70.461
2019-01-14,70.791,70.881,70.71,70.797
2019-01-15,70.871,71.146,70.871,71
2019-01-16,71.06,71.243,70.9575,71.205
2019-01-17,71.31,71.412,70.968,70.983
2019-01-18,71.079,71.261,71.0675,71.1275
2019-01-21,71.445,71.456,71.149,71.21
2019-01-22,71.335,71.456,71.303,71.395
2019-01-23,71.211,71.36,71.1825,71.341
2019-01-24,71.255,71.29,71.159,71.159
2019-01-25,71.0925,71.225,70.985,71.225
2019-01-28,71.05,71.181,71.05,71.133
2019-01-29,71.12,71.161,71.016,71.105
2019-01-30,71.261,71.291,71.125,71.167
2019-01-31,71.0175,71.197,70.985,71.142
2019-02-01,71.191,71.38,70.946,71.2825
2019-02-04,71.635,71.7525,71.635,71.74
2019-02-05,71.7675,71.774,71.576,71.576
2019-02-06,71.5425,71.67,71.52,71.55
2019-02-07,71.602,71.6525,71.306,71.39
2019-02-08,71.285,71.311,71.003,71.29
2019-02-11,71.222,71.246,71.07,71.155
2019-02-12,70.941,70.956,70.688,70.77
2019-02-13,70.535,70.843,70.52,70.805
2019-02-14,70.804,71.165,70.791,71.09
2019-02-15,71.274,71.454,71.1975,71.276
2019-02-18,71.4575,71.512,71.32,71.338
2019-02-19,71.43,71.592,71.43,71.443
2019-02-20,71.221,71.261,71.061,71.118
2019-02-21,71.06,71.201,71.036,71.168
2019-02-22,71.16,71.234,71.106,71.159
2019-02-25,71.001,71.086,70.97,70.984
2019-02-26,71.032,71.13,70.991,71.045
2019-02-27,70.9975,71.481,70.976,71.203
2019-02-28,71.12,71.231,71.038,71.093
2019-03-01,70.809,70.984,70.805,70.875
2019-03-05,70.861,70.861,70.45,70.485
2019-03-06,70.55,70.662,70.325,70.365
2019-03-07,70.059,70.13,69.961,70.035
2019-03-08,70.13,70.14,69.81,70.13
2019-03-11,69.915,69.98,69.821,69.895
2019-03-12,69.647,69.745,69.485,69.715
2019-03-13,69.7,69.725,69.407,69.505
2019-03-14,69.58,69.682,69.305,69.4325
2019-03-15,69.285,69.32,69.029,69.134
2019-03-18,68.85,68.857,68.45,68.5525
2019-03-19,68.56,69.02,68.49,69.02
2019-03-20,69.08,69.08,68.72,68.836
2019-03-22,68.6325,69.095,68.594,68.94
2019-03-25,69.056,69.056,68.795,68.925
2019-03-26,68.921,68.981,68.8,68.857
2019-03-27,68.875,68.97,68.77,68.89
2019-03-28,69.013,69.155,68.925,69.15
2019-03-29,69.061,69.315,69.048,69.27
2019-04-01,69.18,69.409,69.18,69.304
2019-04-02,69.311,69.321,69.025,69.072
2019-04-03,68.636,68.669,68.38,68.445
2019-04-04,68.585,69.13,68.585,69
2019-04-05,69.14,69.31,69.105,69.248
2019-04-08,69.47,69.69,69.446,69.621
2019-04-09,69.635,69.65,69.359,69.385
2019-04-10,69.201,69.276,69.13,69.276
2019-04-11,69.1425,69.164,68.828,68.9875
2019-04-12,69.18,69.38,69.063,69.2025
2019-04-15,69.321,69.4375,69.175,69.37
2019-04-16,69.5275,69.6675,69.466,69.632
2019-04-18,69.49,69.594,69.376,69.55
2019-04-22,69.834,69.841,69.501,69.595
2019-04-23,69.595,69.8225,69.595,69.74
2019-04-24,69.8,69.989,69.781,69.81
2019-04-25,70.0425,70.287,69.911,70.274
2019-04-26,70.206,70.206,69.948,69.995
2019-04-30,69.83,69.9,69.707,69.7575
2019-05-02,69.593,69.624,69.41,69.43
2019-05-03,69.26,69.37,69.191,69.356
2019-05-06,69.376,69.441,69.305,69.415
2019-05-07,69.346,69.4,69.2925,69.3352
2019-05-08,69.607,69.62,69.4376,69.62
2019-05-09,69.854,70.019,69.817,69.9375
2019-05-10,69.993,70.035,69.743,69.86
2019-05-13,70.114,70.4356,70.11,70.35
2019-05-14,70.42,70.511,70.294,70.338
2019-05-15,70.252,70.3564,70.155,70.326
2019-05-16,70.2337,70.294,69.9796,70.035
2019-05-17,70.165,70.227,70.075,70.1625
2019-05-20,69.55,69.63,69.433,69.5773
2019-05-21,69.767,69.7925,69.626,69.7475
2019-05-22,69.635,69.801,69.6043,69.6975
2019-05-23,69.464,69.97,69.427,69.9625
2019-05-24,69.683,69.76,69.569,69.64
2019-05-27,69.45,69.614,69.415,69.587
2019-05-28,69.655,69.715,69.584,69.693
2019-05-29,69.7375,69.997,69.721,69.83
2019-05-30,69.765,69.93,69.698,69.92
2019-05-31,69.743,69.885,69.72,69.814
2019-06-03,69.435,69.478,69.226,69.2625
2019-06-04,69.11,69.325,69.11,69.253
2019-06-06,69.3875,69.4125,69.1702,69.2609
2019-06-07,69.2214,69.5363,69.2214,69.4675
2019-06-10,69.443,69.57,69.395,69.5268
2019-06-11,69.475,69.475,69.3382,69.434
2019-06-12,69.395,69.44,69.26,69.3084
2019-06-13,69.375,69.515,69.329,69.485
2019-06-14,69.56,69.76,69.52,69.743
2019-06-17,69.823,69.9028,69.748,69.8889
2019-06-18,69.808,69.8642,69.6327,69.655
2019-06-19,69.603,69.782,69.5925,69.7143
2019-06-20,69.63,69.653,69.5068,69.559
2019-06-21,69.678,69.685,69.512,69.5301
2019-06-24,69.5625,69.59,69.402,69.4065
2019-06-25,69.2575,69.4015,69.24,69.345
2019-06-26,69.44,69.445,69.12,69.15
2019-06-27,69.295,69.3079,69.057,69.12
2019-06-28,68.98,69.048,68.8561,69.01
2019-07-01,68.894,69.085,68.83,69.028
2019-07-02,69.013,69.06,68.93,68.981
2019-07-03,68.873,68.95,68.83,68.9125
2019-07-04,68.85,68.88,68.58,68.58
2019-07-05,68.675,68.765,68.391,68.483
2019-07-08,68.585,68.755,68.5725,68.71
2019-07-09,68.818,68.825,68.5944,68.635
2019-07-10,68.615,68.633,68.49,68.575
2019-07-11,68.32,68.455,68.32,68.409
2019-07-12,68.515,68.6275,68.495,68.6275
2019-07-15,68.525,68.6,68.481,68.481
2019-07-16,68.543,68.68,68.524,68.655
2019-07-17,68.785,68.84,68.6677,68.815
2019-07-18,68.79,68.9625,68.78,68.9394
2019-07-19,68.7775,68.91,68.734,68.8975
2019-07-22,68.99,69.028,68.942,68.9661
2019-07-23,69.01,69.023,68.912,68.931
2019-07-24,69.015,69.043,68.954,68.9925
2019-07-25,68.96,69.06,68.902,68.9838
2019-07-26,69.058,69.083,68.984,68.988
2019-07-29,68.947,68.95,68.811,68.827
2019-07-30,68.77,68.84,68.665,68.8325
2019-07-31,68.87,68.9275,68.7823,68.7897
2019-08-01,69.088,69.099,68.9942,69.069
2019-08-02,69.32,69.655,69.27,69.547
2019-08-05,70.475,70.57,70.263,70.47
2019-08-06,70.6,70.8,70.6,70.7725
2019-08-07,70.92,70.975,70.63,70.83
2019-08-08,70.84,70.94,70.55,70.64
2019-08-09,70.5394,70.786,70.45,70.78
2019-08-12,70.9975,71.35,70.976,71.261
2019-08-13,71.03,71.29,71.0225,71.252
2019-08-14,70.92,71.336,70.91,71.265
2019-08-16,71.305,71.3425,71.0831,71.0915
2019-08-19,71.075,71.47,71.075,71.401
2019-08-20,71.642,71.8127,71.5282,71.7065
2019-08-21,71.553,71.595,71.347,71.46
2019-08-22,71.678,71.97,71.665,71.851
2019-08-23,71.995,72.01,71.571,71.635
2019-08-26,72.1,72.245,71.86,71.96
2019-08-27,71.865,71.865,71.652,71.6906
2019-08-28,71.59,71.87,71.58,71.7075
2019-08-29,71.94,72.08,71.688,71.749
2019-08-30,71.71,71.815,71.455,71.54
2019-09-03,72.035,72.36,72.025,72.32
2019-09-04,72.235,72.235,71.95,72.061
2019-09-05,71.9375,71.985,71.79,71.852
2019-09-06,71.715,71.76,71.595,71.67
2019-09-09,71.59,71.725,71.4824,71.6875
2019-09-11,71.765,71.765,71.581,71.6725
2019-09-12,71.3625,71.4,71.235,71.33
2019-09-13,70.9775,71.145,70.839,71.07
2019-09-16,71.4425,71.59,71.415,71.54
2019-09-17,71.763,71.9675,71.7275,71.96
2019-09-18,71.46,71.495,71.189,71.27
2019-09-19,71.22,71.35,71.07,71.3225
2019-09-20,71.0825,71.1,70.73,71.074
2019-09-23,70.94,70.943,70.855,70.8925
2019-09-24,70.808,70.98,70.725,70.975
2019-09-25,71.08,71.13,70.984,71.0375
2019-09-26,70.955,71.002,70.841,70.955
2019-09-27,70.89,70.925,70.7,70.758
2019-09-30,70.575,70.77,70.57,70.7075
2019-10-01,70.765,71.15,70.755,71.121
2019-10-03,71.275,71.278,70.948,70.979
2019-10-04,70.86,71.016,70.83,71.01
2019-10-07,71.03,71.08,70.919,71.06
2019-10-09,71.115,71.193,70.954,70.971
2019-10-10,71.032,71.14,70.997,71.03
2019-10-11,70.913,71.0625,70.913,71.0325
2019-10-14,70.802,71.188,70.791,71.166
2019-10-15,71.32,71.484,71.27,71.436
2019-10-16,71.7175,71.7175,71.37,71.371
2019-10-17,71.39,71.46,71.15,71.196
2019-10-18,71.26,71.3,71.038,71.13
2019-10-22,70.945,70.963,70.832,70.94
2019-10-23,70.945,70.955,70.883,70.902
2019-10-24,70.84,71.08,70.84,70.974
2019-10-25,70.975,71.025,70.882,70.8975
2019-10-29,70.7,70.905,70.7,70.88
2019-10-30,70.97,71.0025,70.842,70.9025
2019-10-31,70.77,71.063,70.77,70.98
2019-11-01,70.94,70.945,70.83,70.85
2019-11-04,70.693,70.785,70.653,70.7725
2019-11-05,70.71,70.7525,70.642,70.677
2019-11-06,70.91,71.024,70.87,71.005
2019-11-07,71.03,71.0375,70.89,70.944
2019-11-08,71.2325,71.325,71.1575,71.236
2019-11-11,71.35,71.537,71.35,71.4264
2019-11-13,71.67,72.063,71.6543,72.06
2019-11-14,72.093,72.112,71.865,71.89
2019-11-15,71.758,71.84,71.685,71.81
2019-11-18,71.698,71.84,71.675,71.84
2019-11-19,71.9025,71.9025,71.711,71.715
2019-11-20,71.695,71.905,71.655,71.8375
2019-11-21,71.858,71.858,71.719,71.75
2019-11-22,71.72,71.865,71.71,71.738
2019-11-25,71.638,71.741,71.61,71.7
2019-11-26,71.625,71.63,71.505,71.505
2019-11-27,71.4075,71.4125,71.281,71.39
2019-11-28,71.48,71.66,71.45,71.63
2019-11-29,71.67,71.865,71.66,71.73
2019-12-02,71.71,71.805,71.593,71.63
2019-12-03,71.5625,71.775,71.525,71.667
2019-12-04,71.74,71.8025,71.553,71.56
2019-12-05,71.47,71.6525,71.33,71.33
2019-12-06,71.28,71.426,71.2649,71.34
2019-12-09,71.1225,71.19,71.008,71.035
2019-12-10,70.92,70.955,70.8372,70.8869
2019-12-11,70.79,70.9176,70.77,70.908
2019-12-12,70.685,70.86,70.522,70.802
2019-12-13,70.635,70.88,70.633,70.8
2019-12-16,70.963,71.015,70.887,70.9237
2019-12-17,70.9775,71.013,70.8314,70.983
2019-12-18,71.085,71.1071,71.019,71.0286
2019-12-19,70.922,71.1901,70.875,71.0734
2019-12-20,71.15,71.2455,71.0834,71.091
2019-12-23,71.1625,71.233,71.115,71.1824
2019-12-24,71.2175,71.27,71.145,71.2625
2019-12-26,71.267,71.3425,71.243,71.3375
2019-12-27,71.2625,71.42,71.19,71.387
2019-12-30,71.3425,71.414,71.3062,71.357
2019-12-31,71.278,71.3525,71.24,71.324
2020-01-02,71.343,71.368,71.286,71.3575
2020-01-03,71.683,71.8069,71.6502,71.7957
2020-01-06,72.075,72.115,71.9467,71.9492
2020-01-07,71.72,71.8745,71.68,71.7926
2020-01-08,72.035,72.07,71.686,71.686
2020-01-09,71.43,71.525,71.271,71.28
2020-01-10,71.093,71.215,70.9402,70.9425
2020-01-13,70.785,70.928,70.752,70.855
2020-01-14,70.888,70.96,70.806,70.85
2020-01-15,70.928,70.928,70.793,70.793
2020-01-16,70.868,70.97,70.835,70.95
2020-01-17,70.975,71.09,70.96,71.09
2020-01-20,71.083,71.148,71.0325,71.1032
2020-01-21,71.16,71.235,71.13,71.22
2020-01-22,71.185,71.237,71.164,71.199
2020-01-23,71.205,71.343,71.2,71.288
2020-01-24,71.26,71.361,71.2225,71.325
2020-01-27,71.425,71.495,71.3646,71.466
2020-01-28,71.333,71.3779,71.2608,71.315
2020-01-29,71.208,71.266,71.1684,71.251
2020-01-30,71.4425,71.6035,71.44,71.477
2020-01-31,71.483,71.52,71.29,71.35
2020-02-03,71.52,71.6,71.382,71.385
2020-02-04,71.205,71.28,71.09,71.274
2020-02-05,71.24,71.288,71.1498,71.25
2020-02-06,71.218,71.295,71.1767,71.19
2020-02-07,71.235,71.485,71.225,71.4125
2020-02-10,71.355,71.435,71.275,71.3391
2020-02-11,71.225,71.315,71.193,71.295
2020-02-12,71.222,71.3725,71.222,71.3725
2020-02-13,71.4775,71.493,71.3225,71.348
2020-02-14,71.365,71.41,71.325,71.37
2020-02-17,71.4375,71.44,71.3188,71.3342
2020-02-18,71.395,71.557,71.39,71.496
2020-02-19,71.57,71.57,71.442,71.493
2020-02-20,71.633,71.694,71.54,71.6175
2020-02-24,71.795,71.92,71.79,71.92
2020-02-25,71.91,71.91,71.788,71.887
2020-02-26,71.7625,71.81,71.59,71.625
2020-02-27,71.635,71.655,71.56,71.6
2020-02-28,71.945,72.265,71.93,72.157
2020-03-02,72.24,72.47,72.025,72.43
2020-03-03,72.685,73.19,72.67,73.105
2020-03-04,73.39,73.615,73.15,73.25
2020-03-05,73.285,73.337,73.0475,73.3
2020-03-06,73.66,73.84,73.53,73.725
2020-03-09,73.985,74.16,73.91,74.104
2020-03-11,73.995,73.995,73.58,73.58
2020-03-12,74.135,74.235,74.077,74.2025
2020-03-13,74.068,74.09,73.801,73.99
2020-03-16,74.12,74.3475,74.12,74.265
2020-03-17,73.905,74.255,73.905,74.2125
2020-03-18,74.125,74.385,74.1,74.2775
2020-03-19,74.975,75.269,74.89,75.269
2020-03-20,74.972,75.1125,74.8,75.1125
2020-03-23,76.025,76.12,75.85,76.05
2020-03-24,76.15,76.235,76.05,76.085
2020-03-26,75.345,75.434,75.14,75.221
2020-03-27,74.45,75.395,74.45,74.795
2020-03-30,75.2,75.56,75.13,75.4875
2020-03-31,75.435,75.61,75.29,75.45
2020-04-03,75.84,76.16,75.79,76.15
2020-04-07,75.85,75.92,75.55,75.586
2020-04-08,75.81,76.39,75.8,76.305
2020-04-09,76.11,76.54,76.086,76.296
2020-04-13,76.3,76.44,76.22,76.259
2020-04-15,75.96,76.49,75.96,76.45
2020-04-16,76.79,76.886,76.69,76.886
2020-04-17,76.575,76.627,76.259,76.459
2020-04-20,76.458,76.675,76.2784,76.486
2020-04-21,76.694,76.88,76.602,76.88
2020-04-22,76.916,76.916,76.471,76.518
2020-04-23,76.33,76.35,75.99,76.1
2020-04-24,76.297,76.478,76.17,76.35
2020-04-27,76.145,76.345,76.045,76.156
2020-04-28,76.33,76.44,76.089,76.12
2020-04-29,75.97,75.97,75.576,75.676
2020-04-30,75.08,75.209,74.935,75.097
2020-05-01,75.622,75.799,75.566,75.778
2020-05-04,75.725,75.8,75.571,75.642
2020-05-05,75.623,75.8342,75.483,75.762
2020-05-06,75.73,75.927,75.632,75.927
2020-05-08,75.395,75.63,75.265,75.584
2020-05-11,75.585,75.765,75.55,75.6607
2020-05-12,75.9,75.94,75.4161,75.48
2020-05-13,75.285,75.493,75.285,75.363
2020-05-14,75.6,75.6,75.3227,75.3344
2020-05-15,75.46,75.695,75.441,75.6177
2020-05-18,75.855,76.046,75.84,76.022
2020-05-19,75.75,75.785,75.562,75.622
2020-05-20,75.57,75.858,75.57,75.687
2020-05-21,75.678,75.815,75.3767,75.4796
2020-05-22,75.724,75.997,75.707,75.997
2020-05-26,75.68,75.742,75.61,75.641
2020-05-27,75.693,75.749,75.554,75.5736
2020-05-28,75.88,75.88,75.69,75.825
2020-05-29,75.705,75.705,75.449,75.514
2020-06-01,75.335,75.603,75.29,75.494
2020-06-02,75.55,75.612,75.0074,75.093
2020-06-03,75.021,75.51,75.021,75.3556
2020-06-04,75.61,75.64,75.349,75.5341
2020-06-05,75.385,75.64,75.367,75.5665
2020-06-08,75.58,75.643,75.3944,75.4656
2020-06-09,75.51,75.625,75.43,75.625
2020-06-10,75.48,75.605,75.413,75.56
2020-06-11,75.815,75.884,75.6662,75.72
2020-06-12,76.103,76.103,75.7548,75.7872
2020-06-15,75.925,76.146,75.917,76.0233
2020-06-16,75.88,76.2703,75.773,76.0134
2020-06-17,76.195,76.3202,76.0724,76.2663
2020-06-18,76.16,76.185,76.0772,76.1328
2020-06-19,76.29,76.291,76.1047,76.1264
2020-06-22,76.17,76.19,75.9587,76.0062
2020-06-23,75.86,75.895,75.5923,75.6031
2020-06-24,75.6,75.76,75.579,75.6487
2020-06-25,75.735,75.78,75.5018,75.5236
2020-06-26,75.51,75.655,75.4325,75.574
2020-06-29,75.64,75.642,75.4552,75.4808
2020-06-30,75.475,75.62,75.448,75.5634
2020-07-01,75.51,75.6,75.48,75.5374
2020-07-02,75.505,75.53,74.71,74.8151
2020-07-03,74.59,74.98,74.59,74.6692
2020-07-06,74.515,74.81,74.515,74.612
2020-07-07,74.75,74.965,74.66,74.879
2020-07-08,74.865,75.065,74.865,75.055
2020-07-09,74.94,75.0662,74.91,75.0117
2020-07-10,75.14,75.32,75.14,75.2229
2020-07-13,75.19,75.216,75.083,75.1643
2020-07-14,75.33,75.5027,75.282,75.3651
2020-07-15,75.34,75.3557,75.11,75.1861
2020-07-16,75.24,75.288,75.1402,75.2459
2020-07-17,75.22,75.24,74.9413,74.9467
2020-07-20,74.92,75.015,74.803,74.813
2020-07-21,74.79,74.858,74.5867,74.5977
2020-07-22,74.6,74.86,74.6,74.622
2020-07-23,74.642,74.865,74.597,74.7538
2020-07-24,74.93,74.972,74.7858,74.8252
2020-07-27,74.703,74.895,74.668,74.793
2020-07-28,74.855,74.9,74.71,74.8154
2020-07-29,74.825,74.89,74.6895,74.7051
2020-07-30,74.84,74.925,74.7983,74.861
2020-07-31,74.74,74.885,74.68,74.789
2020-08-03,74.905,75.2043,74.885,75.1772
2020-08-04,75.16,75.17,74.9536,74.9933
2020-08-05,74.93,74.948,74.7893,74.812
2020-08-06,74.81,75.004,74.775,74.944
2020-08-07,75.05,75.05,74.8961,74.9125
2020-08-10,75.023,75.023,74.8575,74.92
2020-08-11,74.885,74.885,74.59,74.636
2020-08-12,74.77,74.925,74.77,74.814
2020-08-13,74.835,74.92,74.785,74.841
2020-08-14,74.85,74.965,74.75,74.891
2020-08-17,74.86,74.903,74.782,74.836
2020-08-18,74.775,74.88,74.65,74.651
2020-08-19,74.705,74.925,74.68,74.816
2020-08-20,74.995,75.11,74.94,75.099
2020-08-21,74.955,74.96,74.823,74.911
2020-08-24,74.9,74.9,73.9655,74.1423
2020-08-25,74.2,74.5,74.188,74.243
2020-08-26,74.33,74.45,74.2368,74.289
2020-08-27,74.303,74.362,73.8,73.904
2020-08-28,73.83,73.86,73.2389,73.2824
2020-08-31,73.2,73.68,73.2,73.574
2020-09-01,73.18,73.193,72.755,72.9502
2020-09-02,73.08,73.1211,72.9,73.0551
2020-09-03,73.24,73.48,73.24,73.421
2020-09-04,73.37,73.465,72.9983,73.117
2020-09-07,73.16,73.472,73.03,73.4636
2020-09-08,73.625,73.833,73.38,73.8275
2020-09-09,73.67,73.73,73.4679,73.536
2020-09-10,73.4,73.49,73.16,73.425
2020-09-11,73.49,73.605,73.403,73.54
2020-09-14,73.39,73.6,73.26,73.53
2020-09-15,73.32,73.718,73.32,73.621
2020-09-16,73.7,73.773,73.478,73.513
2020-09-17,73.72,73.778,73.59,73.591
2020-09-18,73.46,73.54,73.175,73.419
2020-09-21,73.44,73.554,73.255,73.5151
2020-09-22,73.485,73.6325,73.38,73.4911
2020-09-23,73.58,73.63,73.4194,73.461
2020-09-24,73.83,73.971,73.76,73.9231
2020-09-25,73.76,73.77,73.5556,73.679
2020-09-28,73.683,73.8272,73.528,73.697
2020-09-29,73.785,73.895,73.755,73.7847
2020-09-30,73.8,73.86,73.6603,73.7152
2020-10-01,73.6,73.605,73.1212,73.1702
2020-10-05,73.142,73.405,73.075,73.234
2020-10-06,73.165,73.51,73.15,73.395
2020-10-07,73.52,73.555,73.2518,73.28
2020-10-08,73.475,73.475,73.1791,73.2098
2020-10-09,73.18,73.255,73.02,73.14
2020-10-12,73.1,73.405,73.06,73.333
2020-10-13,73.387,73.4,73.2603,73.278
2020-10-14,73.385,73.46,73.1847,73.273
2020-10-15,73.315,73.472,73.197,73.414
2020-10-16,73.4225,73.43,73.249,73.3092
2020-10-19,73.38,73.425,73.2914,73.2914
2020-10-20,73.347,73.51,73.2859,73.4173
2020-10-21,73.395,73.667,73.347,73.659
2020-10-22,73.777,73.777,73.5242,73.6446
2020-10-23,73.66,73.663,73.4705,73.636
2020-10-26,73.751,74.024,73.703,73.9523
2020-10-27,73.8275,73.857,73.6669,73.681
2020-10-28,73.737,73.943,73.722,73.8701
2020-10-29,74.025,74.471,73.93,74.455
2020-11-02,74.425,74.517,74.267,74.4296
2020-11-03,74.27,74.434,74.27,74.415
2020-11-04,74.597,74.897,74.567,74.655
2020-11-05,74.312,74.4,74.0434,74.0601
2020-11-06,73.9825,74.252,73.957,74.1249
2020-11-09,73.855,74.17,73.799,74.0754
2020-11-10,74.124,74.2975,74.1175,74.2699
2020-11-11,74.185,74.3975,74.175,74.3245
2020-11-12,74.41,74.749,74.405,74.585
2020-11-13,74.699,74.704,74.457,74.5486
2020-11-17,74.49,74.6125,74.359,74.4366
2020-11-18,74.387,74.44,74.075,74.1691
2020-11-19,74.2575,74.32,74.192,74.2493
2020-11-20,74.155,74.19,74.056,74.123
2020-11-23,74.134,74.2025,74.0015,74.0382
2020-11-24,73.965,74.0225,73.9184,73.9908
2020-11-25,73.951,73.99,73.8234,73.8567
2020-11-26,73.825,73.89,73.715,73.8448
2020-11-27,73.78,74.06,73.737,73.9622
2020-12-01,73.6,73.658,73.45,73.6302
2020-12-02,73.596,73.805,73.59,73.773
2020-12-03,73.725,73.95,73.725,73.911
2020-12-04,73.765,73.795,73.6703,73.6704
2020-12-07,73.71,73.952,73.69,73.8763
2020-12-08,73.7925,73.82,73.52,73.5804
2020-12-09,73.535,73.61,73.522,73.583
2020-12-10,73.639,73.772,73.62,73.662
2020-12-11,73.654,73.704,73.537,73.704
2020-12-14,73.57,73.584,73.447,73.532
2020-12-15,73.647,73.669,73.545,73.573
2020-12-16,73.5125,73.61,73.492,73.563
2020-12-17,73.452,73.57,73.372,73.57
2020-12-18,73.507,73.572,73.47,73.525
2020-12-21,73.69,74.096,73.6375,74.042
2020-12-22,73.9,73.928,73.83,73.85
2020-12-23,73.8525,73.855,73.659,73.659
2020-12-24,73.6125,73.64,73.502,73.515
2020-12-28,73.56,73.605,73.4575,73.505
2020-12-29,73.3875,73.42,73.334,73.373
2020-12-30,73.2625,73.326,73.1632,73.1632
2020-12-31,73.084,73.11,73.0079,73.023
2021-01-04,72.99,73.047,72.935,73.0204
2021-01-05,73.107,73.279,73.069,73.2424
2021-01-06,73.107,73.175,73.0442,73.076
2021-01-07,73.092,73.395,73.092,73.3882
2021-01-08,73.307,73.4673,73.198,73.2496
2021-01-11,73.506,73.509,73.3585,73.398
2021-01-12,73.441,73.448,73.2,73.237
2021-01-13,73.102,73.2125,73.092,73.1792
2021-01-14,73.119,73.14,72.922,73.0118
2021-01-15,73.045,73.1736,73.0025,73.0522
2021-01-18,73.26,73.32,73.19,73.2811
2021-01-19,73.167,73.298,73.1087,73.124
2021-01-20,73.132,73.14,72.9664,72.982
2021-01-21,72.972,73.005,72.93,72.9556
2021-01-22,73.011,73.098,72.9216,72.943
2021-01-25,72.94,72.975,72.8809,72.9228
2021-01-27,72.895,72.93,72.7878,72.8986
2021-01-28,73.07,73.171,73.0229,73.032
2021-01-29,72.965,73,72.8933,72.9036
2021-02-01,72.87,73.127,72.813,73.0968
2021-02-02,73.0175,73.03,72.9063,72.9735
2021-02-03,72.928,73.002,72.883,72.9493
2021-02-04,72.9075,72.99,72.8726,72.985
2021-02-05,72.91,72.942,72.765,72.8864
2021-02-08,72.837,72.997,72.817,72.948
2021-02-09,72.86,72.928,72.84,72.887
2021-02-10,72.855,72.888,72.793,72.807
2021-02-11,72.86,72.889,72.735,72.841
2021-02-12,72.772,72.825,72.558,72.57
2021-02-15,72.589,72.688,72.564,72.622
2021-02-16,72.69,72.792,72.672,72.708
2021-02-17,72.845,72.912,72.72,72.737
2021-02-18,72.7275,72.802,72.577,72.592
2021-02-19,72.544,72.566,72.412,72.457
2021-02-22,72.376,72.517,72.28,72.462
2021-02-23,72.41,72.513,72.324,72.513
2021-02-24,72.3425,72.435,72.258,72.312
2021-02-25,72.371,72.533,72.371,72.423
2021-02-26,73.01,73.773,73.01,73.738
2021-03-01,73.34,73.601,73.1825,73.505
2021-03-02,73.422,73.48,73.317,73.347
2021-03-03,73.162,73.162,72.7,72.836
2021-03-04,72.789,72.91,72.612,72.746
2021-03-05,72.88,73.08,72.735,73.072
2021-03-08,72.945,73.301,72.9275,73.182
2021-03-09,73.142,73.198,72.89,72.947
2021-03-10,72.95,73.06,72.885,73.004
2021-03-12,72.684,72.844,72.63,72.702
2021-03-15,72.759,72.778,72.375,72.478
2021-03-16,72.443,72.63,72.4375,72.504
2021-03-17,72.595,72.605,72.5,72.514
2021-03-18,72.48,72.61,72.447,72.507
2021-03-19,72.581,72.581,72.439,72.467
2021-03-22,72.436,72.436,72.333,72.335
2021-03-23,72.3475,72.512,72.27,72.457
2021-03-24,72.6025,72.719,72.517,72.6
2021-03-25,72.6025,72.691,72.55,72.58
2021-03-26,72.4225,72.525,72.367,72.48
2021-03-30,72.8475,73.424,72.74,73.38
2021-03-31,73.56,73.593,73.07,73.105
2021-04-01,73.256,73.442,73.244,73.411
2021-04-05,73.425,73.445,73.267,73.3025
2021-04-06,73.24,73.4225,73.205,73.4225
2021-04-07,73.54,74.555,73.5125,74.555
2021-04-08,74.39,74.812,74.182,74.598
2021-04-09,74.785,74.957,74.53,74.761
2021-04-12,74.967,75.159,74.75,75.047
2021-04-13,75.086,75.449,75.061,75.362
2021-04-15,75.18,75.343,74.9275,74.933
2021-04-16,74.78,74.78,74.2825,74.3425
2021-04-19,74.8,75.03,74.78,74.875
2021-04-20,74.64,74.991,74.64,74.884
2021-04-22,75.312,75.312,74.8625,74.963
2021-04-23,75.019,75.082,74.75,75.0125
2021-04-26,74.803,74.878,74.67,74.75
2021-04-27,74.66,74.72,74.513,74.655
2021-04-28,74.512,74.512,74.297,74.365
2021-04-29,74.183,74.22,73.962,74.032
2021-04-30,74.017,74.125,73.945,74.075
2021-05-03,74.24,74.315,73.9075,73.93
2021-05-04,73.9,73.972,73.765,73.875
2021-05-05,73.825,74.04,73.786,73.877
2021-05-06,73.85,74.0025,73.734,73.734
2021-05-07,73.615,73.755,73.48,73.484
2021-05-10,73.35,73.475,73.32,73.325
2021-05-11,73.46,73.53,73.275,73.33
2021-05-12,73.5,73.51,73.37,73.417
2021-05-14,73.42,73.42,73.208,73.274
2021-05-17,73.27,73.27,73.152,73.226
2021-05-18,73.195,73.195,72.951,73.04
2021-05-19,73.025,73.175,72.93,73.147
2021-05-20,73.155,73.17,73.07,73.1
2021-05-21,72.966,73.085,72.821,72.8325
2021-05-24,72.87,72.975,72.853,72.96
2021-05-25,72.85,72.87,72.74,72.768
2021-05-26,72.706,72.754,72.676,72.693
2021-05-27,72.753,72.762,72.511,72.573
2021-05-28,72.486,72.495,72.325,72.43
2021-05-31,72.365,72.65,72.345,72.6175
2021-06-01,72.555,72.935,72.53,72.915
2021-06-02,73.11,73.31,73.022,73.0825
2021-06-03,73.155,73.155,72.8925,72.903
2021-06-04,73,73.11,72.96,72.995
2021-06-07,72.838,72.87,72.7375,72.806
2021-06-08,72.795,72.909,72.76,72.8825
2021-06-09,72.884,73.015,72.879,72.965
2021-06-10,72.96,73.118,72.94,73.06
2021-06-11,72.9625,73.086,72.913,73.0725
2021-06-14,73.205,73.285,73.1,73.279
2021-06-15,73.171,73.34,73.154,73.31
2021-06-16,73.297,73.387,73.26,73.32
2021-06-17,73.645,74.069,73.569,74.069
2021-06-18,74.09,74.27,73.82,73.855
2021-06-21,74.205,74.275,74.08,74.1
2021-06-22,74.175,74.394,74.055,74.36
2021-06-23,74.26,74.391,74.143,74.275
2021-06-24,74.205,74.255,74.141,74.141
2021-06-25,74.142,74.2425,74.136,74.164
2021-06-28,74.2525,74.265,74.173,74.191
2021-06-29,74.27,74.308,74.2,74.22
2021-06-30,74.23,74.465,74.23,74.324
2021-07-01,74.37,74.6225,74.335,74.549
2021-07-02,74.703,74.87,74.6575,74.745
2021-07-05,74.54,74.547,74.31,74.316
2021-07-06,74.275,74.615,74.24,74.548
2021-07-07,74.629,74.79,74.575,74.615
2021-07-08,74.813,74.84,74.6525,74.721
2021-07-09,74.67,74.673,74.571,74.635
2021-07-12,74.49,74.592,74.407,74.575
2021-07-13,74.495,74.505,74.405,74.474
2021-07-14,74.5625,74.6475,74.52,74.579
2021-07-15,74.475,74.558,74.438,74.54
2021-07-16,74.53,74.66,74.5075,74.56
2021-07-19,74.733,74.92,74.725,74.87
2021-07-20,74.94,74.946,74.547,74.615
2021-07-22,74.455,74.5,74.301,74.465
2021-07-23,74.55,74.57,74.375,74.4
2021-07-26,74.43,74.515,74.4025,74.423
2021-07-27,74.35,74.54,74.35,74.46
2021-07-28,74.433,74.485,74.333,74.3725
2021-07-29,74.3225,74.325,74.223,74.2825
2021-07-30,74.305,74.446,74.265,74.41
2021-08-02,74.375,74.425,74.3175,74.338
2021-08-03,74.336,74.34,74.216,74.2775
2021-08-04,74.134,74.24,74.079,74.185
2021-08-05,74.153,74.282,74.15,74.167
2021-08-06,74.0925,74.2125,74.0925,74.15
2021-08-09,74.213,74.289,74.208,74.269
2021-08-10,74.4,74.466,74.3325,74.425
2021-08-11,74.435,74.483,74.37,74.452
2021-08-12,74.248,74.33,74.231,74.2525
2021-08-13,74.289,74.321,74.2375,74.24
2021-08-16,74.282,74.282,74.113,74.166
2021-08-17,74.23,74.3475,74.205,74.345
2021-08-18,74.3,74.315,74.235,74.235
2021-08-19,74.356,74.454,74.306,74.354
2021-08-20,74.39,74.473,74.366,74.3875
2021-08-23,74.2725,74.304,74.2075,74.2075
2021-08-24,74.105,74.214,74.1,74.19
2021-08-25,74.195,74.3,74.193,74.2375
2021-08-26,74.211,74.265,74.184,74.2175
2021-08-27,74.174,74.199,73.659,73.659
2021-08-30,73.45,73.54,73.2075,73.263
2021-08-31,73.25,73.273,72.962,72.996
2021-09-01,73.045,73.15,72.916,73.0825
2021-09-02,73.045,73.121,72.943,73.065
2021-09-03,73.045,73.145,73.01,73.015
2021-09-06,73.0325,73.119,73.025,73.1025
2021-09-07,73.1175,73.456,73.11,73.425
2021-09-08,73.483,73.704,73.483,73.585
2021-09-09,73.765,73.855,73.4875,73.496
2021-09-13,73.63,73.74,73.566,73.6775
2021-09-14,73.6125,73.6975,73.566,73.68
2021-09-15,73.685,73.728,73.466,73.485
2021-09-16,73.51,73.52,73.335,73.512
2021-09-17,73.475,73.545,73.416,73.475
2021-09-20,73.805,73.805,73.62,73.7375
2021-09-21,73.6025,73.685,73.58,73.61
2021-09-22,73.7,73.928,73.655,73.86
2021-09-23,73.785,73.8275,73.594,73.625
2021-09-24,73.78,73.78,73.625,73.685
2021-09-27,73.68,73.835,73.61,73.835
2021-09-28,73.782,74.12,73.73,74.036
2021-09-29,74.16,74.26,74.075,74.1475
2021-09-30,74.285,74.355,74.18,74.2225
2021-10-01,74.333,74.364,74.11,74.129
2021-10-04,74.155,74.3975,74.127,74.304
2021-10-05,74.62,74.625,74.415,74.445
2021-10-06,74.63,74.983,74.54,74.97
2021-10-07,74.78,74.925,74.695,74.775
2021-10-08,75.005,75.1575,74.915,74.985
2021-10-11,75.139,75.398,75.055,75.3525
2021-10-12,75.422,75.655,75.16,75.51
2021-10-13,75.31,75.505,75.2,75.3675
2021-10-14,75.27,75.36,75.196,75.25
2021-10-18,75.26,75.389,75.241,75.3425
2021-10-19,75.018,75.052,74.872,75.011
2021-10-20,75.1175,75.13,74.809,74.856
2021-10-21,74.87,74.89,74.7,74.855
2021-10-22,74.82,74.93,74.695,74.9
2021-10-25,74.964,75.1025,74.957,75.08
2021-10-26,75.021,75.164,74.912,74.912
2021-10-27,75.0025,75.085,74.881,75.045
2021-10-28,74.94,74.94,74.765,74.91
2021-10-29,74.78,74.99,74.7425,74.9
2021-11-01,74.911,75.023,74.835,74.941
2021-11-02,74.822,74.8325,74.65,74.6955
2021-11-03,74.57,74.64,74.4005,74.48
2021-11-08,74.15,74.155,73.959,74.028
2021-11-09,73.888,74.085,73.851,74.065
2021-11-10,74.1825,74.413,74.1043,74.3443
2021-11-11,74.5075,74.58,74.423,74.423
2021-11-12,74.45,74.53,74.385,74.463
2021-11-15,74.35,74.485,74.32,74.439
2021-11-16,74.505,74.505,74.285,74.365
2021-11-17,74.3778,74.407,74.2178,74.243
2021-11-18,74.182,74.326,74.025,74.296
2021-11-22,74.3725,74.51,74.368,74.378
2021-11-23,74.535,74.553,74.363,74.406
2021-11-24,74.438,74.455,74.308,74.406
2021-11-25,74.52,74.58,74.4725,74.499
2021-11-26,74.685,74.93,74.645,74.879
2021-11-29,74.966,75.145,74.966,75.083
2021-11-30,75.0375,75.194,75.02,75.119
2021-12-01,74.838,75.02,74.795,74.93
2021-12-02,74.963,75.035,74.902,74.977
2021-12-03,74.965,75.172,74.955,75.114
2021-12-06,75.2325,75.459,75.2325,75.4205
2021-12-07,75.337,75.49,75.3,75.436
2021-12-08,75.433,75.558,75.415,75.464
2021-12-09,75.485,75.587,75.468,75.571
2021-12-10,75.6525,75.847,75.615,75.692
2021-12-13,75.678,75.808,75.6675,75.777
2021-12-14,75.9275,75.94,75.831,75.879
2021-12-15,76.045,76.357,76.02,76.341
2021-12-16,76.247,76.274,76.06,76.106
2021-12-17,76.228,76.233,75.95,75.999
2021-12-20,76.19,76.19,75.835,75.882
2021-12-21,75.654,75.675,75.41,75.573
2021-12-22,75.625,75.64,75.474,75.508
2021-12-23,75.406,75.425,75.204,75.219
2021-12-24,75.167,75.175,74.969,74.977
2021-12-27,75.115,75.145,74.939,74.956
2021-12-28,74.9,74.9,74.605,74.691
2021-12-29,74.718,74.84,74.679,74.716
2021-12-30,74.623,74.648,74.358,74.406
2021-12-31,74.3225,74.3575,74.1,74.293
2022-01-03,74.4225,74.4425,74.241,74.336
2022-01-04,74.555,74.61,74.47,74.584
2022-01-05,74.48,74.54,74.294,74.381
2022-01-06,74.345,74.51,74.328,74.445
2022-01-07,74.33,74.377,74.245,74.29
2022-01-10,74.172,74.213,74.011,74.06
2022-01-11,73.91,74,73.825,73.947
2022-01-12,73.9525,74.045,73.9,73.943
2022-01-13,73.9275,73.97,73.84,73.921
2022-01-14,74.116,74.198,74.061,74.1
2022-01-17,74.34,74.36,74.218,74.249
2022-01-18,74.404,74.595,74.389,74.569
2022-01-19,74.61,74.66,74.367,74.376
2022-01-20,74.377,74.53,74.338,74.483
2022-01-21,74.53,74.55,74.34,74.355
2022-01-24,74.5183,74.68,74.5054,74.62
2022-01-25,74.7173,74.793,74.645,74.778
2022-01-26,74.706,74.9505,74.695,74.856
2022-01-27,75.205,75.305,75.033,75.125
2022-01-28,74.95,75.102,74.885,75.089
2022-01-31,74.96,75.01,74.593,74.667
2022-02-01,74.56,74.869,74.437,74.817
2022-02-02,74.7575,75.01,74.718,74.745
2022-02-03,74.775,74.91,74.7459,74.905
2022-02-04,74.69,74.77,74.664,74.664
2022-02-07,74.713,74.75,74.617,74.6999
2022-02-08,74.635,74.79,74.632,74.702
2022-02-09,74.8025,74.855,74.721,74.737
2022-02-10,74.9175,74.998,74.899,74.945
2022-02-11,75.2725,75.406,75.257,75.3088
2022-02-14,75.545,75.63,75.353,75.55
2022-02-15,75.659,75.692,75.225,75.2842
2022-02-16,75.125,75.125,74.9272,75.063
2022-02-17,75.0625,75.15,74.992,75.013
2022-02-18,74.95,74.98,74.562,74.613
2022-02-21,74.47,74.555,74.326,74.538
2022-02-22,74.805,74.989,74.667,74.697
2022-02-23,74.693,74.695,74.521,74.551
2022-02-24,75.098,75.773,75.092,75.731
2022-02-25,75.248,75.479,75.196,75.359
2022-02-28,75.53,75.616,75.283,75.313
2022-03-01,75.3153,75.7064,75.2359,75.4572
2022-03-02,75.6521,75.8503,75.6116,75.7361
2022-03-03,75.6648,75.9697,75.6513,75.9697
2022-03-04,76.0494,76.2177,76.0391,76.1676
2022-03-07,76.8874,77.1614,76.8482,77.0792
2022-03-08,76.8222,76.9698,76.7857,76.9326
2022-03-09,76.8026,76.8791,76.5406,76.6175
2022-03-10,76.1855,76.5,76.0685,76.4155
2022-03-11,76.4205,76.7275,76.3745,76.6425
2022-03-14,76.527,76.6975,76.475,76.5375
2022-03-15,76.3955,76.6825,76.3885,76.5575
2022-03-16,76.2955,76.3588,76.1735,76.24
2022-03-17,75.9005,75.9475,75.7665,75.8175
2022-03-21,76.05,76.2305,76.032,76.185
2022-03-22,76.4075,76.4355,76.095,76.1675
2022-03-23,76.1275,76.365,76.1115,76.3325
2022-03-24,76.3438,76.4075,76.2375,76.3075
2022-03-25,76.1705,76.2925,76.1455,76.21
2022-03-28,76.2975,76.3088,76.1415,76.17
2022-03-29,75.9805,76.1525,75.8895,75.9855
2022-03-30,75.6575,75.9925,75.6555,75.975
2022-03-31,75.7285,75.8325,75.6585,75.775
2022-04-01,75.8715,75.9705,75.55,75.9385
2022-04-04,75.665,75.665,75.4155,75.5525
2022-04-05,75.5355,75.5375,75.3138,75.3325
2022-04-06,75.5305,75.7855,75.4805,75.7805
2022-04-07,75.9455,75.9975,75.78,75.9662
2022-04-08,75.9665,76.0225,75.7055,75.9162
2022-04-11,75.86,76.09,75.8135,75.9675
2022-04-12,76.0055,76.1762,75.9385,76.1425
2022-04-13,76.1755,76.2655,76.1335,76.1738
2022-04-18,76.3837,76.4062,76.2038,76.265
2022-04-19,76.335,76.535,76.2538,76.5075
2022-04-20,76.3775,76.5275,76.1555,76.205
2022-04-21,76.2855,76.2875,76.09,76.1562
2022-04-22,76.2665,76.4975,76.1975,76.4762
2022-04-25,76.5925,76.7785,76.5538,76.6925
2022-04-26,76.4715,76.6938,76.4625,76.5725
2022-04-27,76.6375,76.7535,76.4975,76.54
2022-04-28,76.6455,76.7155,76.4245,76.4838
2022-04-29,76.5625,76.5905,76.2775,76.4175
2022-05-02,76.4725,76.5205,76.3395,76.5125
2022-05-04,76.4305,76.5795,76.1963,76.435
2022-05-05,76.1665,76.2938,75.9925,76.2605
2022-05-06,76.7275,76.9675,76.6405,76.9338
2022-05-09,77.4175,77.53,77.3405,77.4655
2022-05-10,77.2405,77.4555,77.1935,77.3275
2022-05-11,77.2575,77.3055,77.1875,77.2475
2022-05-12,77.5825,77.6355,77.3635,77.4375
2022-05-13,77.2805,77.475,77.2635,77.4675
2022-05-16,77.6735,77.8805,77.45,77.8145
2022-05-17,77.7315,77.7985,77.5315,77.585
2022-05-18,77.4975,77.6112,77.4905,77.5825
2022-05-19,77.6475,77.755,77.6455,77.7525
2022-05-20,77.5205,77.6075,77.4695,77.5462
2022-05-23,77.6438,77.6688,77.5035,77.53
2022-05-24,77.5605,77.6775,77.5455,77.61
2022-05-25,77.4555,77.5705,77.4455,77.5055
2022-05-26,77.5815,77.6525,77.5615,77.5725
2022-05-27,77.6305,77.6775,77.5635,77.5825
2022-05-30,77.5255,77.5775,77.4995,77.5425
2022-05-31,77.6395,77.7025,77.6135,77.6562
2022-06-01,77.6025,77.6075,77.5125,77.5312
2022-06-02,77.6005,77.64,77.5385,77.5935
2022-06-03,77.5788,77.6625,77.5625,77.6375
2022-06-06,77.67,77.6805,77.6105,77.635
2022-06-07,77.7045,77.7345,77.6765,77.7225
2022-06-08,77.6905,77.79,77.6475,77.7425
2022-06-09,77.7712,77.8155,77.7525,77.7675
2022-06-10,77.8225,77.8755,77.7975,77.8537
2022-06-13,78.2538,78.2662,78.0285,78.0645
2022-06-14,78.0415,78.0725,77.9435,78.015
2022-06-15,78.0505,78.1062,77.9965,78.0788
2022-06-16,78.0575,78.0975,78.0165,78.085
2022-06-17,78.0455,78.0988,78.0325,78.0825
2022-06-20,77.9375,78.0362,77.935,77.9838
2022-06-21,78.0505,78.0938,78.0075,78.0825
2022-06-22,78.1625,78.3988,78.1425,78.3938
2022-06-23,78.2605,78.3812,78.2305,78.3188
2022-06-24,78.2405,78.355,78.2355,78.3425
2022-06-27,78.2962,78.3663,78.2665,78.3537
2022-06-28,78.6155,78.8688,78.5985,78.795
2022-06-29,78.9575,79.0355,78.8675,78.9988
2022-06-30,78.9375,78.9975,78.9115,78.9955
2022-07-01,79.0775,79.1205,79.0138,79.0325
2022-07-04,79.0462,79.0475,78.8715,78.9488
2022-07-05,79.0695,79.3875,79.0295,79.3805
2022-07-06,79.2825,79.3738,79.2512,79.315
2022-07-07,79.0375,79.2575,78.9425,79.1825
2022-07-08,79.2455,79.3205,79.2035,79.2587
2022-07-11,79.4025,79.4675,79.3485,79.4675
2022-07-12,79.5845,79.6612,79.5338,79.615
2022-07-13,79.6325,79.6838,79.5655,79.6488
2022-07-14,79.7965,79.92,79.7845,79.8825
2022-07-15,79.9455,79.9595,79.8055,79.8655
2022-07-18,79.8312,79.9935,79.8145,79.9935
2022-07-19,79.9575,79.9675,79.8675,79.9455
2022-07-20,79.9715,80.005,79.9205,80.005
2022-07-21,80.0395,80.0425,79.9185,79.9375
2022-07-22,79.8935,79.9235,79.8355,79.8625
2022-07-25,79.8425,79.8588,79.6835,79.7355
2022-07-26,79.7615,79.8235,79.7155,79.7825
2022-07-27,79.8795,79.9135,79.8505,79.9025
2022-07-28,79.7775,79.8425,79.7035,79.7612
2022-07-29,79.3935,79.4565,79.1695,79.2655
2022-08-01,79.2165,79.2405,79.0035,79.0225
2022-08-02,78.8555,78.8825,78.5105,78.6845
2022-08-03,78.7675,79.1875,78.6985,79.1655
2022-08-04,79.4145,79.8305,79.3685,79.4812
2022-08-05,79.1175,79.295,78.9775,79.2505
2022-08-08,79.5795,79.6575,79.5335,79.6555
2022-08-10,79.5255,79.5495,79.4055,79.5225
2022-08-11,79.2855,79.6955,79.2605,79.6065
2022-08-12,79.6705,79.7275,79.6005,79.6605
2022-08-16,79.5535,79.5555,79.3195,79.3925
2022-08-17,79.3555,79.4825,79.2625,79.4455
2022-08-18,79.6765,79.7075,79.6185,79.6838
2022-08-19,79.7415,79.8085,79.7295,79.7805
2022-08-22,79.8555,79.9215,79.8455,79.8705
2022-08-23,79.8785,79.9045,79.8245,79.8705
2022-08-24,79.8375,79.8475,79.6985,79.8075
2022-08-25,79.8215,79.8962,79.8165,79.895
2022-08-26,79.8755,79.9465,79.8005,79.8705
2022-08-29,80.0445,80.1075,79.9255,79.965
2022-08-30,79.8195,79.8545,79.4295,79.4555
2022-09-01,79.5185,79.5925,79.2905,79.5605
2022-09-02,79.6365,79.845,79.6235,79.8055
2022-09-05,79.8715,79.9088,79.8175,79.85
2022-09-06,79.8615,79.9075,79.8195,79.8405
2022-09-07,79.9235,79.9425,79.8295,79.9055
2022-09-08,79.8105,79.8365,79.6395,79.7145
2022-09-09,79.6145,79.6515,79.4615,79.5555
2022-09-12,79.6662,79.6905,79.4675,79.5465
2022-09-13,79.2205,79.2435,79.0175,79.1425
2022-09-14,79.5315,79.6015,79.3765,79.4365
2022-09-15,79.4615,79.7325,79.4575,79.6835
2022-09-16,79.8105,79.8625,79.6965,79.7385
2022-09-19,79.6288,79.7805,79.5875,79.7755
2022-09-20,79.6565,79.7738,79.5795,79.7415
2022-09-21,79.8325,79.9938,79.8235,79.9938
2022-09-22,80.4875,80.9125,80.4565,80.9065
2022-09-23,81.0745,81.1005,80.7755,81.0335
2022-09-26,81.575,81.6625,81.5275,81.6325
2022-09-27,81.3565,81.6455,81.3175,81.5855
2022-09-28,81.8875,81.9655,81.8465,81.95
2022-09-29,81.7145,81.9615,81.6825,81.8485
2022-09-30,81.5505,81.6955,81.1555,81.3455
2022-10-03,81.7462,81.935,81.6662,81.8862
2022-10-04,81.5775,81.6425,81.3575,81.4985
2022-10-06,81.6355,81.9055,81.5675,81.8725
2022-10-07,82.2555,82.4305,82.2235,82.3075
2022-10-10,82.3925,82.4575,82.2945,82.3255
2022-10-11,82.4065,82.4325,82.3125,82.3175
2022-10-12,82.2735,82.3705,82.1605,82.3005
2022-10-13,82.3045,82.4175,82.2925,82.3505
2022-10-14,82.3175,82.4455,82.2995,82.3555
2022-10-17,82.3415,82.4212,82.3235,82.3625
2022-10-18,82.0775,82.3655,82.0075,82.3285
2022-10-19,82.3655,83.035,82.3395,83.0255
2022-10-20,83.1125,83.2675,82.6785,82.77
2022-10-21,82.7495,82.885,82.63,82.7365
2022-10-25,82.6915,82.7955,82.6815,82.7205
2022-10-27,82.3325,82.515,82.2425,82.5135
2022-10-28,82.3465,82.5075,82.3035,82.4712
2022-10-31,82.3962,82.8685,82.3837,82.7935
2022-11-01,82.6925,82.775,82.5935,82.6445
2022-11-02,82.7055,82.815,82.6865,82.7625
2022-11-03,82.7805,82.9535,82.7625,82.895
2022-11-04,82.5505,82.6395,82.2705,82.3005
2022-11-07,82.2255,82.3245,81.8195,81.8425
2022-11-09,81.4955,81.5475,81.2225,81.535
2022-11-10,81.5715,81.9255,81.5575,81.765
2022-11-11,80.7015,80.9905,80.5785,80.815
2022-11-14,81.2415,81.31,81.0155,81.2475
2022-11-15,81.3475,81.4395,80.9555,80.9555
2022-11-16,81.3775,81.4225,81.1935,81.2265
2022-11-17,81.5355,81.7205,81.4395,81.6615
2022-11-18,81.6505,81.7875,81.5885,81.6615
2022-11-21,81.7875,81.8575,81.7345,81.7365
2022-11-22,81.8205,81.8255,81.6145,81.665
2022-11-23,81.7775,81.8725,81.7475,81.8625
2022-11-24,81.6975,81.7755,81.5955,81.675
2022-11-25,81.5425,81.7125,81.4425,81.665
2022-11-28,81.7395,81.7775,81.5525,81.5715
2022-11-29,81.6675,81.7495,81.6135,81.6835
2022-11-30,81.5875,81.6375,81.3738,81.3925
2022-12-01,81.1125,81.3235,81.0565,81.2505
2022-12-02,81.1925,81.3738,81.1425,81.365
2022-12-05,81.486,81.8925,81.4749,81.8535
2022-12-06,82.2795,82.6375,82.1875,82.4425
2022-12-07,82.4975,82.5935,82.3865,82.4375
2022-12-08,82.3045,82.4675,82.2575,82.4038
2022-12-09,82.1805,82.3515,82.0865,82.2812
2022-12-12,82.655,82.655,82.4915,82.5305
2022-12-13,82.6275,82.9205,82.6055,82.8505
2022-12-14,82.6225,82.6375,82.4025,82.4755
2022-12-15,82.4605,82.78,82.4155,82.7425
2022-12-16,82.8288,82.8955,82.7575,82.805
2022-12-19,82.6725,82.7105,82.5695,82.6637
2022-12-20,82.8355,82.8845,82.6875,82.7575
2022-12-21,82.7405,82.8212,82.7075,82.7925
2022-12-22,82.7175,82.7945,82.6425,82.7638
2022-12-23,82.8695,82.8875,82.7795,82.8425
2022-12-27,82.7887,82.885,82.7695,82.8775
2022-12-28,82.8965,82.9275,82.8055,82.855
2022-12-29,82.8238,82.8625,82.7805,82.8275
2022-12-30,82.8038,82.8062,82.6925,82.7005
2023-01-02,82.6275,82.7925,82.5925,82.7862
2023-01-03,82.7655,83.085,82.7362,83.0125
2023-01-04,82.8755,82.9175,82.7325,82.805
2023-01-05,82.7775,82.7815,82.4295,82.4775
2023-01-06,82.6575,82.7605,82.6065,82.7375
2023-01-09,82.3375,82.4475,82.3045,82.3905
2023-01-10,82.2145,82.2275,81.7035,81.7675
2023-01-11,81.7365,81.8015,81.5165,81.6475
2023-01-12,81.6555,81.7455,81.5285,81.5925
2023-01-13,81.4425,81.4525,81.3025,81.3762
2023-01-16,81.3755,81.7375,81.3705,81.6138
2023-01-17,81.8285,81.8655,81.7125,81.7735
2023-01-18,81.6895,81.7065,81.2425,81.27
2023-01-19,81.3555,81.4195,81.3005,81.3775
2023-01-20,81.2695,81.2695,81.0745,81.1662
2023-01-23,81.2615,81.4925,81.2125,81.4185
2023-01-24,81.6255,81.7705,81.4205,81.6438
2023-01-25,81.6645,81.7675,81.5155,81.64
2023-01-27,81.5765,81.6595,81.4975,81.5488
2023-01-30,81.6845,81.6875,81.4775,81.505
2023-01-31,81.7015,82.0755,81.6655,81.9305
2023-02-01,81.8765,82.0305,81.6788,81.8605
2023-02-02,81.8195,82.2725,81.8195,82.2065
2023-02-03,82.2505,82.3135,81.7535,81.9005
2023-02-06,82.4625,82.7765,82.4425,82.7575
2023-02-07,82.7125,82.7825,82.6315,82.7425
2023-02-08,82.6805,82.7405,82.4805,82.5345
2023-02-09,82.6355,82.6575,82.4805,82.5325
2023-02-10,82.5875,82.6165,82.3375,82.5712
2023-02-13,82.7165,82.775,82.6155,82.71
2023-02-14,82.6975,82.8425,82.68,82.7775
2023-02-15,82.8625,82.9125,82.7875,82.8475
2023-02-16,82.6495,82.73,82.5945,82.695
2023-02-17,82.7655,82.8655,82.7525,82.8262
2023-02-20,82.6788,82.7595,82.6245,82.725
2023-02-21,82.7705,82.8315,82.7375,82.8025
2023-02-22,82.7985,82.9365,82.7935,82.9125
2023-02-23,82.7655,82.7905,82.6915,82.7045
2023-02-24,82.7525,82.8165,82.6985,82.7462
2023-02-27,82.9125,82.9325,82.7725,82.7845
2023-02-28,82.7495,82.7565,82.5605,82.5775
2023-03-01,82.5025,82.6255,82.4565,82.4885
2023-03-02,82.5715,82.6205,82.5265,82.6012
2023-03-03,82.3305,82.3475,81.9175,81.9685
2023-03-06,81.7305,81.9575,81.6205,81.9155
2023-03-08,82.1625,82.1925,81.9905,82.0112
2023-03-09,81.8235,82.0605,81.8175,82.0262
2023-03-10,82.0665,82.0905,81.9945,82.0605
2023-03-13,81.8905,82.2235,81.8795,82.1925
2023-03-14,82.3765,82.5795,82.2695,82.4905
2023-03-15,82.4725,82.8375,82.3925,82.8015
2023-03-16,82.6615,82.8115,82.6062,82.7738
2023-03-17,82.4725,82.6005,82.4195,82.5762
2023-03-20,82.5025,82.7185,82.4825,82.5955
2023-03-21,82.6455,82.7045,82.6275,82.6512
2023-03-22,82.6555,82.7365,82.6015,82.6505
2023-03-23,82.1425,82.3055,82.0755,82.2325
2023-03-24,82.2355,82.4905,82.2095,82.4562
2023-03-27,82.2985,82.4305,82.2985,82.37
2023-03-28,82.2275,82.2805,82.1685,82.2062
2023-03-29,82.2505,82.3815,82.2395,82.3245
2023-03-31,82.2005,82.2715,82.1525,82.2155
2023-04-03,82.4035,82.4365,82.3305,82.3325
2023-04-05,82.1575,82.2035,81.9155,82.0055
2023-04-06,81.8895,82.0575,81.8175,81.9025
2023-04-10,81.92,81.9925,81.89,81.9825
2023-04-11,82.0505,82.1505,82.0375,82.1225
2023-04-12,82.0875,82.1055,82.0215,82.0888
2023-04-13,81.9455,82.0125,81.8205,81.8462
2023-04-17,81.9675,81.9838,81.8665,81.9788
2023-04-18,82.0415,82.0875,81.9895,82.0455
2023-04-19,82.1245,82.2565,82.0655,82.2225
2023-04-20,82.1915,82.2145,82.1195,82.1555
2023-04-21,82.1705,82.2055,82.0775,82.1025
2023-04-24,82.0725,82.0975,81.8855,81.9085
2023-04-25,81.9125,81.9685,81.8825,81.9238
2023-04-26,81.9655,81.9705,81.6905,81.7705
2023-04-27,81.7145,81.8505,81.6045,81.8425
2023-04-28,81.7765,81.8505,81.7205,81.8285
2023-05-02,81.7655,81.9505,81.7405,81.8912
2023-05-03,81.7955,81.8655,81.7695,81.8155
2023-05-04,81.7075,81.8225,81.6925,81.7925
2023-05-05,81.6875,81.8,81.6545,81.7245
2023-05-08,81.7175,81.8255,81.7135,81.7988
2023-05-09,81.9355,82.1475,81.9038,82.0315
2023-05-10,82.0275,82.0995,81.9938,82.0045
2023-05-11,81.9795,82.1345,81.9705,82.0888
2023-05-12,82.1205,82.2338,82.1175,82.1675
2023-05-15,82.2055,82.3765,82.2055,82.2965
2023-05-16,82.2155,82.2945,82.1655,82.2185
2023-05-17,82.3425,82.4495,82.3205,82.3775
2023-05-18,82.4105,82.6555,82.4055,82.5805
2023-05-19,82.7775,82.8065,82.6305,82.6688
2023-05-22,82.7425,82.8615,82.7425,82.8375
2023-05-23,82.8255,82.8565,82.7575,82.7925
2023-05-24,82.7305,82.7865,82.6425,82.6775
2023-05-25,82.7415,82.7788,82.7262,82.7415
2023-05-26,82.7055,82.7312,82.5625,82.575
2023-05-29,82.5795,82.6775,82.5295,82.6225
2023-05-30,82.6745,82.7925,82.6455,82.7065
2023-05-31,82.7055,82.7355,82.6375,82.7195
2023-06-01,82.4555,82.5155,82.4035,82.4105
2023-06-02,82.3255,82.3825,82.2705,82.3105
2023-06-05,82.5515,82.6855,82.5355,82.6812
2023-06-06,82.5705,82.6562,82.5625,82.6062
2023-06-07,82.5535,82.5725,82.4638,82.5438
2023-06-08,82.5845,82.6025,82.5315,82.5738
2023-06-09,82.4525,82.5185,82.4125,82.4613
2023-06-12,82.4425,82.4865,82.4185,82.435
2023-06-13,82.4575,82.4615,82.3538,82.3788
2023-06-14,82.3035,82.3275,82.0705,82.1062
2023-06-15,82.2375,82.2495,82.0205,82.175
2023-06-16,81.9145,81.9555,81.8525,81.9355
2023-06-19,81.9825,81.9965,81.8895,81.9425
2023-06-20,82.1155,82.1725,82.0645,82.115
2023-06-21,82.0775,82.1195,81.9795,82.0425
2023-06-22,81.9455,81.9605,81.8935,81.9565
2023-06-23,82.0125,82.0695,82.0125,82.0405
2023-06-26,81.9538,82.0565,81.9475,82.0555
2023-06-27,81.9485,82.0395,81.9475,82.0338
2023-06-28,81.9925,82.0865,81.9825,82.0555
2023-06-30,82.0575,82.0725,82.0075,82.0605
2023-07-03,81.8355,81.9875,81.7855,81.955
2023-07-04,81.9575,82.0355,81.9285,82.0225
2023-07-05,82.0765,82.2538,82.0725,82.2235
2023-07-06,82.4455,82.5605,82.4075,82.5095
2023-07-07,82.6765,82.7685,82.6425,82.7595
2023-07-10,82.5975,82.6735,82.5705,82.5762
2023-07-11,82.3725,82.4495,82.3295,82.3688
2023-07-12,82.2905,82.3265,82.245,82.2488
2023-07-13,82.0105,82.145,81.9955,82.0765
2023-07-14,82.0675,82.1805,82.0375,82.1705
2023-07-17,82.1455,82.1838,82.0325,82.0595
2023-07-18,82.0565,82.1135,81.9805,82.0338
2023-07-19,82.0975,82.1545,82.0725,82.0962
2023-07-20,82.0425,82.0625,81.9785,81.9962
2023-07-21,82.0245,82.0415,81.9425,81.9575
2023-07-24,81.9905,81.9905,81.8275,81.8285
2023-07-25,81.7045,81.8912,81.7045,81.8755
2023-07-26,81.9765,82.0375,81.9575,81.9995
2023-07-27,81.9925,82.0275,81.9075,81.9405
2023-07-28,82.3345,82.3395,82.2312,82.26
2023-07-31,82.27,82.2915,82.2325,82.2538
2023-08-01,82.3195,82.3195,82.2465,82.2465
2023-08-02,82.4035,82.6305,82.4035,82.5825
2023-08-03,82.6845,82.8215,82.6845,82.7295
2023-08-04,82.7965,82.8555,82.765,82.8363
2023-08-07,82.7295,82.7585,82.7175,82.7455
2023-08-08,82.8135,82.8425,82.7835,82.8425
2023-08-09,82.8195,82.8462,82.7975,82.8262
2023-08-10,82.8255,82.8555,82.6855,82.6975
2023-08-11,82.7445,82.8575,82.7335,82.8575
2023-08-14,82.9765,83.0215,82.9412,82.965
2023-08-17,83.1088,83.1695,83.0785,83.1355
2023-08-18,83.1045,83.1385,83.0745,83.1055
2023-08-21,83.1035,83.13,83.0805,83.105
2023-08-22,83.0765,83.0912,82.9315,82.9415
2023-08-23,82.9655,82.9735,82.6655,82.6895
2023-08-24,82.4655,82.605,82.4145,82.5845
2023-08-25,82.6775,82.7065,82.6312,82.6575
2023-08-28,82.6138,82.6538,82.5945,82.6305
2023-08-29,82.6525,82.7288,82.6188,82.7088
2023-08-30,82.7155,82.8112,82.6835,82.7105
2023-08-31,82.6245,82.7862,82.6165,82.7862
2023-09-01,82.6875,82.7665,82.6562,82.7175
2023-09-04,82.76,82.7612,82.6738,82.7488
2023-09-05,82.8265,83.0462,82.8155,83.0355
2023-09-06,83.0545,83.1755,83.0355,83.1365
2023-09-07,83.1315,83.2245,83.1285,83.2175
2023-09-08,83.1795,83.1815,82.9088,82.9538
2023-09-11,82.8585,83.065,82.8412,82.9985
2023-09-12,82.9775,83.0062,82.8615,82.9225
2023-09-13,82.9165,82.9888,82.8695,82.9838
2023-09-14,82.9355,83.04,82.9355,83.0095
2023-09-15,83.0655,83.1845,82.9925,83.1775
2023-09-18,83.1225,83.275,83.1225,83.275
2023-09-20,83.2035,83.265,83.0265,83.0595
2023-09-21,83.0495,83.1725,83.0495,83.0845
2023-09-22,82.9315,82.9575,82.8215,82.9075
2023-09-25,83.1245,83.1488,83.0863,83.1385
2023-09-26,83.1945,83.2625,83.1685,83.2625
2023-09-27,83.2295,83.2565,83.1888,83.2335
2023-09-28,83.2295,83.2295,83.1405,83.2185
2023-09-29,83.1145,83.1145,83.0262,83.0395
2023-10-02,83.2045,83.2145,83,83.1945
2023-10-03,83.2135,83.2175,83.17,83.2125
2023-10-04,83.2495,83.2845,83.1905,83.2415
2023-10-05,83.2235,83.2725,83.2165,83.2665
2023-10-06,83.2015,83.2587,83.1825,83.2488
2023-10-09,83.2145,83.2738,83.2135,83.2738
2023-10-10,83.2175,83.2675,83.1905,83.2538
2023-10-11,83.2045,83.2438,83.1345,83.1685
2023-10-12,83.1365,83.2462,83.1255,83.2438
2023-10-13,83.2295,83.2713,83.2185,83.2713
2023-10-16,83.2345,83.2812,83.2305,83.2525
2023-10-17,83.1995,83.265,83.1985,83.26
2023-10-18,83.2255,83.2725,83.2255,83.2688
2023-10-19,83.2665,83.2905,83.2175,83.2345
2023-10-20,83.1815,83.1988,83.0235,83.1035
2023-10-23,83.1488,83.1925,83.1345,83.1665
2023-10-25,83.0965,83.1925,83.0955,83.1888
2023-10-26,83.2275,83.2488,83.1695,83.2325
2023-10-27,83.2425,83.2538,83.2115,83.2462
2023-10-30,83.2688,83.2688,83.2235,83.2662
2023-10-31,83.2475,83.2738,83.2335,83.2512
2023-11-01,83.2805,83.3388,83.2645,83.3245
2023-11-02,83.2405,83.2685,83.2355,83.2615
2023-11-03,83.2485,83.2887,83.2465,83.2775
2023-11-06,83.2085,83.2388,83.1905,83.2115
2023-11-07,83.2555,83.2725,83.2435,83.265
2023-11-08,83.2695,83.2975,83.2545,83.2862
2023-11-09,83.2625,83.3012,83.2585,83.2988
2023-11-10,83.2895,83.5785,83.2895,83.33
2023-11-13,83.3045,83.3325,83.2865,83.3275
2023-11-15,83.0695,83.1955,83.0615,83.1088
2023-11-16,83.2205,83.2505,83.2165,83.2288
2023-11-17,83.2715,83.2875,83.2405,83.25
2023-11-20,83.3255,83.3715,83.3238,83.3565
2023-11-21,83.3485,83.3705,83.3212,83.3305
2023-11-22,83.2825,83.3455,83.2825,83.3385
2023-11-23,83.3515,83.3588,83.3363,83.3425
2023-11-24,83.3535,83.3837,83.3535,83.375
2023-11-28,83.3895,83.3945,83.3105,83.3488
2023-11-29,83.3015,83.3375,83.2805,83.3338
2023-11-30,83.3512,83.3975,83.3488,83.3825
2023-12-01,83.3325,83.3705,83.2865,83.3255
2023-12-04,83.3335,83.3762,83.3225,83.365
2023-12-05,83.3765,83.4015,83.3688,83.3725
2023-12-06,83.3575,83.3585,83.2945,83.3312
2023-12-07,83.3745,83.3795,83.3315,83.3663
2023-12-08,83.3845,83.3985,83.3663,83.3862
2023-12-11,83.3855,83.3945,83.3685,83.3788
2023-12-12,83.3765,83.3995,83.3675,83.3715
2023-12-13,83.3945,83.4288,83.3895,83.4225
2023-12-14,83.3335,83.3588,83.3085,83.3225
2023-12-15,83.3015,83.3045,82.9375,83.0062
2023-12-18,82.9935,83.0725,82.9662,83.0645
2023-12-19,83.1995,83.2265,83.1505,83.1875
2023-12-20,83.1435,83.195,83.1362,83.195
2023-12-21,83.2595,83.2815,83.2545,83.2662
2023-12-22,83.2585,83.2595,83.1175,83.1512
2023-12-26,83.1738,83.2138,83.1625,83.185
2023-12-27,83.2825,83.3638,83.2795,83.3335
2023-12-28,83.2785,83.2815,83.1625,83.1875
2023-12-29,83.1265,83.2445,83.1245,83.2065
2024-01-02,83.3305,83.3515,83.2915,83.3095
2024-01-03,83.3255,83.3255,83.2562,83.2838
2024-01-04,83.3145,83.3215,83.2045,83.2538
2024-01-05,83.1775,83.1965,83.1205,83.1525
2024-01-08,83.0675,83.1705,83.0635,83.1412
2024-01-09,83.0915,83.1355,83.0765,83.1325
2024-01-10,83.1795,83.1825,82.9645,83.0387
2024-01-11,83.0025,83.0795,82.9312,83.035
2024-01-12,82.9765,83.0175,82.8505,82.9412
2024-01-15,82.8475,82.9188,82.8262,82.8837
2024-01-16,82.9755,83.1275,82.9165,83.1175
2024-01-17,83.1185,83.1775,83.0705,83.1362
2024-01-18,83.1545,83.1875,83.1075,83.1395
2024-01-19,83.1325,83.1512,83.0485,83.0525
2024-01-23,83.1025,83.1785,83.0615,83.1525
2024-01-24,83.1485,83.1695,83.1075,83.1235
2024-01-25,83.1275,83.1475,83.0863,83.1163
2024-01-29,83.1355,83.1637,83.1315,83.1588
2024-01-30,83.1305,83.1345,83.1012,83.1138
2024-01-31,83.0715,83.0855,83.0045,83.0462
2024-02-01,82.9855,83.0325,82.9225,82.9875
2024-02-02,82.8555,82.9275,82.8175,82.915
2024-02-05,83.0235,83.0712,83.0235,83.0562
2024-02-06,83.0425,83.0655,83.0325,83.0562
2024-02-07,82.9645,82.9915,82.9395,82.9825
2024-02-08,82.9665,83.0115,82.9538,82.9825
2024-02-09,83.0095,83.0545,82.9913,83.0405
2024-02-12,83.0005,83.0315,82.985,82.9975
2024-02-13,83.0265,83.0345,82.9905,82.9988
2024-02-14,83.0705,83.1012,83.0225,83.0255
2024-02-15,82.9995,83.0485,82.9945,83.045
2024-02-16,83.0145,83.0425,83.0087,83.0087
2024-02-19,82.9995,83.0155,82.935,83.0115
2024-02-20,82.9965,82.9965,82.9235,82.9485
2024-02-21,82.8865,82.9738,82.8545,82.9662
2024-02-22,82.9165,82.9305,82.8245,82.8365
2024-02-23,82.8875,82.9588,82.8745,82.9412
2024-02-26,82.8938,82.9038,82.8615,82.8862
2024-02-27,82.8915,82.9038,82.8395,82.8415
2024-02-28,82.9015,82.9555,82.8965,82.8995
2024-02-29,82.8945,82.94,82.8925,82.9188
2024-03-01,82.8695,82.9137,82.8595,82.8835
2024-03-04,82.8795,82.9162,82.8745,82.9012
2024-03-05,82.9025,82.9288,82.8775,82.905
2024-03-06,82.9088,82.9088,82.8225,82.8505
2024-03-07,82.7655,82.8055,82.6675,82.6712
2024-03-11,82.6895,82.7805,82.6712,82.7745
2024-03-12,82.7715,82.7862,82.7438,82.78
2024-03-13,82.8875,82.9205,82.8335,82.8412
2024-03-14,82.8785,82.8855,82.8125,82.8355
2024-03-15,82.9075,82.9085,82.8512,82.8585
2024-03-18,82.9085,82.9188,82.8938,82.9035
2024-03-19,82.9395,83.0525,82.9305,83.0312
2024-03-20,83.0565,83.1712,83.0535,83.1637
2024-03-21,83.1275,83.16,83.0545,83.1238
2024-03-22,83.3685,83.7245,83.3035,83.7245
2024-03-26,83.3235,83.3562,83.2685,83.3025
2024-03-27,83.3345,83.4715,83.3075,83.3615
2024-03-28,83.3765,83.4175,83.3705,83.3962
2024-04-02,83.3555,83.3988,83.3355,83.3862
2024-04-03,83.4005,83.4665,83.4005,83.4395
2024-04-04,83.4475,83.4705,83.4205,83.4375
2024-04-05,83.4285,83.4325,83.2555,83.3005
2024-04-08,83.2535,83.3288,83.2535,83.3138
2024-04-12,83.3885,83.4415,83.3638,83.4395
2024-04-15,83.4305,83.4605,83.4255,83.4495
2024-04-16,83.5055,83.5655,83.4645,83.5535
2024-04-18,83.5355,83.5545,83.5005,83.5545
2024-04-19,83.4905,83.5425,83.4615,83.4775
2024-04-22,83.4212,83.4215,83.3275,83.3685
2024-04-23,83.3155,83.3938,83.2735,83.3355
2024-04-24,83.2825,83.3325,83.2625,83.3185
2024-04-25,83.3795,83.4015,83.3155,83.3245
2024-04-26,83.3395,83.3655,83.2905,83.3512
2024-04-29,83.4285,83.5085,83.4185,83.4745
2024-04-30,83.4945,83.5265,83.4225,83.4388
2024-05-02,83.4562,83.4913,83.4125,83.4662
2024-05-03,83.3695,83.4525,83.3485,83.4335
2024-05-06,83.4675,83.4962,83.4585,83.4962
2024-05-07,83.4795,83.5188,83.4745,83.5105
2024-05-08,83.5045,83.5255,83.4885,83.5162
2024-05-09,83.4445,83.5162,83.4445,83.5112
2024-05-10,83.5015,83.5145,83.4838,83.5012
2024-05-13,83.5225,83.5365,83.5075,83.5165
2024-05-14,83.5025,83.5225,83.4995,83.5065
2024-05-15,83.4915,83.5025,83.4805,83.4985
2024-05-16,83.4655,83.5075,83.4615,83.4925
2024-05-17,83.4855,83.4855,83.3355,83.3435
2024-05-21,83.3305,83.3665,83.2505,83.3055
2024-05-22,83.2325,83.2835,83.2205,83.2765
2024-05-23,83.2795,83.2805,83.2355,83.2425
2024-05-24,83.1725,83.2075,83.0285,83.0985
2024-05-27,83.0565,83.1275,83.0475,83.1265
2024-05-28,83.1445,83.1855,83.1345,83.1785
2024-05-29,83.2715,83.3705,83.2695,83.3515
2024-05-30,83.4155,83.4305,83.2545,83.3115
2024-05-31,83.3015,83.4625,83.2795,83.4565
2024-06-03,83.0395,83.1785,83.0395,83.1515
2024-06-04,83.3465,83.5515,83.3035,83.5515
2024-06-05,83.4585,83.4595,83.2875,83.3855
2024-06-06,83.4725,83.4885,83.4405,83.4835
2024-06-07,83.4645,83.4735,83.3855,83.3905
2024-06-10,83.4995,83.5185,83.4905,83.5095
2024-06-11,83.4975,83.5785,83.4875,83.5785
2024-06-12,83.5655,83.5745,83.5165,83.5595
2024-06-13,83.5495,83.5545,83.5325,83.5535
2024-06-14,83.5415,83.5775,83.5325,83.5615
2024-06-18,83.4755,83.5055,83.3995,83.4265
2024-06-19,83.3575,83.4805,83.3515,83.4525
2024-06-20,83.4955,83.6755,83.4915,83.6605
2024-06-21,83.6135,83.6265,83.4965,83.5365
2024-06-24,83.5445,83.5545,83.4455,83.4845
2024-06-25,83.4555,83.4735,83.3995,83.4355
2024-06-26,83.4485,83.6055,83.4485,83.5765
2024-06-27,83.5105,83.5135,83.4475,83.4665
2024-06-28,83.4495,83.4945,83.3575,83.3805
2024-07-01,83.4495,83.4565,83.3835,83.4535
2024-07-02,83.5465,83.5495,83.4805,83.5085
2024-07-03,83.5195,83.5655,83.5035,83.5255
2024-07-04,83.5325,83.5585,83.4795,83.5015
2024-07-05,83.4995,83.5105,83.4775,83.5015
2024-07-08,83.4765,83.5005,83.4545,83.4965
2024-07-09,83.4885,83.5035,83.4695,83.4925
2024-07-10,83.4875,83.5375,83.4775,83.5375
2024-07-11,83.5035,83.5855,83.4985,83.5615
2024-07-12,83.5295,83.5585,83.4945,83.5355
2024-07-15,83.5375,83.6125,83.5325,83.6035
2024-07-16,83.5795,83.6065,83.5665,83.5945
2024-07-18,83.5865,83.6775,83.5865,83.6575
2024-07-19,83.6435,83.6675,83.6175,83.6625
2024-07-22,83.6505,83.6705,83.6455,83.6635
2024-07-23,83.6335,83.7105,83.6125,83.6935
2024-07-24,83.7055,83.7225,83.6835,83.7175
2024-07-25,83.7105,83.7175,83.6635,83.7125
2024-07-26,83.7265,83.7325,83.7135,83.7195
2024-07-29,83.7325,83.7425,83.7235,83.7305
2024-07-30,83.7295,83.7345,83.7185,83.7235
2024-07-31,83.7215,83.7545,83.7155,83.7185
2024-08-01,83.7015,83.7595,83.6965,83.7305
2024-08-02,83.7285,83.7575,83.7195,83.7415
2024-08-05,83.8305,83.8725,83.7885,83.8725
2024-08-06,83.8545,83.9815,83.8495,83.9785
2024-08-07,83.9195,83.9725,83.9155,83.9455
2024-08-08,83.9475,83.9705,83.9435,83.9615
2024-08-09,83.9179,83.9595,83.885,83.9565
2024-08-12,83.9705,83.9715,83.9535,83.9595
2024-08-13,83.9535,83.9675,83.9405,83.9625
2024-08-14,83.9195,83.9735,83.8955,83.9545
2024-08-16,83.9595,83.9735,83.9545,83.9545
2024-08-19,83.8905,83.9415,83.8635,83.8735
2024-08-20,83.8745,83.8795,83.7495,83.7895
2024-08-21,83.8545,83.9355,83.8535,83.9215
2024-08-22,83.9455,83.9785,83.9365,83.9405
2024-08-23,83.9005,83.9335,83.8655,83.9025
2024-08-26,83.8505,83.9075,83.8395,83.8965
2024-08-27,83.9255,83.9475,83.9195,83.9265
2024-08-28,83.9375,83.9575,83.9375,83.9565
2024-08-29,83.9005,83.9195,83.8555,83.8685
2024-08-30,83.8475,83.8735,83.8415,83.8465
2024-09-02,83.8885,83.9435,83.8825,83.9355
2024-09-03,83.9475,83.9685,83.9355,83.9615
2024-09-04,83.9525,83.9795,83.9525,83.9795
2024-09-05,83.9805,83.9885,83.9625,83.9825
2024-09-06,83.9355,83.9565,83.9185,83.9505
2024-09-09,83.9455,83.9595,83.9395,83.9595
2024-09-10,83.9635,83.9865,83.9635,83.9805
2024-09-11,83.9595,83.9785,83.9295,83.9775
2024-09-12,83.9795,83.9935,83.9745,83.9825
2024-09-13,83.9375,83.9445,83.8585,83.8955
2024-09-16,83.9055,83.9065,83.8685,83.8795
2024-09-17,83.8405,83.8465,83.7035,83.7505
2024-09-18,83.7675,83.7685,83.7015,83.7105
2024-09-19,83.6735,83.6905,83.5745,83.6755
2024-09-20,83.5545,83.6025,83.4815,83.5665
2024-09-23,83.5145,83.5585,83.4905,83.5385
2024-09-24,83.5695,83.6665,83.5655,83.6565
2024-09-25,83.5445,83.6415,83.5175,83.6065
2024-09-26,83.6925,83.7065,83.6215,83.6215
2024-09-27,83.6325,83.7095,83.6325,83.7015
2024-09-30,83.7925,83.8125,83.7725,83.7965
2024-10-01,83.8115,83.8265,83.7965,83.8135
2024-10-03,83.9325,83.9655,83.9285,83.9635
2024-10-04,83.9765,83.9835,83.9535,83.9635
2024-10-07,83.9575,83.9795,83.9545,83.9765
2024-10-08,83.9445,83.9615,83.9285,83.9575
2024-10-09,83.9555,83.9785,83.9455,83.9675
2024-10-10,83.9555,83.9685,83.9535,83.9615
2024-10-11,83.9765,84.0835,83.9735,84.0765
2024-10-14,84.0615,84.0785,84.0445,84.0565
2024-10-15,84.0605,84.0735,84.0295,84.0365
2024-10-16,84.0695,84.0785,83.9875,83.9955
2024-10-17,84.0175,84.0635,84.0055,84.0595
2024-10-18,84.0625,84.0775,84.0495,84.0645
2024-10-21,84.0595,84.0735,84.0535,84.0675
2024-10-22,84.0775,84.0825,84.0695,84.0735
2024-10-23,84.0805,84.0815,84.0655,84.0755
2024-10-24,84.0655,84.0765,84.0645,84.0705
2024-10-25,84.0675,84.0845,84.0645,84.0775
2024-10-28,84.0655,84.0805,84.0655,84.0765
2024-10-29,84.0755,84.0795,84.0465,84.0465
2024-10-30,84.0775,84.0875,84.0695,84.0845
2024-10-31,84.0785,84.0965,84.0715,84.0805
2024-11-04,84.1065,84.1295,84.1055,84.1125
2024-11-05,84.1245,84.1275,84.0985,84.0985
2024-11-06,84.1975,84.3225,84.1845,84.2955
2024-11-07,84.3275,84.3845,84.3265,84.3515
2024-11-08,84.3705,84.3845,84.3425,84.3785
2024-11-11,84.3835,84.3945,84.3745,84.3865
2024-11-12,84.3955,84.4115,84.3735,84.3795
2024-11-13,84.4035,84.4065,84.3735,84.3895
2024-11-14,84.4175,84.4855,84.4005,84.4745
2024-11-18,84.3865,84.4185,84.3835,84.4185
2024-11-19,84.4165,84.4465,84.4125,84.4385
2024-11-21,84.4325,84.5325,84.4325,84.5305
2024-11-22,84.4915,84.5065,84.4085,84.4115
2024-11-25,84.2755,84.3265,84.2515,84.3115
2024-11-26,84.2725,84.3555,84.2675,84.3085
2024-11-27,84.4555,84.4785,84.3955,84.4325
2024-11-28,84.4745,84.5155,84.4505,84.4805
2024-11-29,84.5025,84.5335,84.4775,84.5335
2024-12-02,84.7095,84.7365,84.6755,84.7265
2024-12-03,84.7605,84.7605,84.6375,84.6895
2024-12-04,84.6645,84.7615,84.6635,84.7585
2024-12-05,84.7355,84.7405,84.6865,84.7115
2024-12-06,84.6275,84.7055,84.5865,84.6935
2024-12-09,84.7265,84.7355,84.6925,84.7265
2024-12-10,84.8555,84.8765,84.8215,84.8525
2024-12-11,84.8605,84.8805,84.8155,84.8295
2024-12-12,84.8665,84.8975,84.8365,84.8875
2024-12-13,84.8325,84.8475,84.7725,84.7985
2024-12-16,84.8275,84.9265,84.8155,84.9155
2024-12-17,84.9175,84.9455,84.8935,84.9115
2024-12-18,84.9245,84.9675,84.9105,84.9405
2024-12-19,85.0725,85.1485,85.0365,85.1485
2024-12-20,85.0875,85.0995,84.9535,84.9765
2024-12-23,85.0775,85.1335,85.0495,85.1305
2024-12-24,85.1905,85.2125,85.1705,85.1735
2024-12-27,85.6425,85.8125,85.4775,85.5515
2024-12-30,85.4855,85.5935,85.4315,85.5085
2024-12-31,85.6125,85.6865,85.5705,85.6285
2025-01-02,85.7875,85.7955,85.6715,85.7635
2025-01-03,85.7235,85.8055,85.7155,85.7875
2025-01-06,85.8255,85.8425,85.8075,85.8315
2025-01-07,85.7055,85.7515,85.6705,85.7385
2025-01-08,85.8275,85.8925,85.8235,85.8755
2025-01-09,85.9285,85.9365,85.8475,85.8735
2025-01-10,85.8805,86.0245,85.8715,86.0225
2025-01-13,86.4475,86.6415,86.4475,86.5995
2025-01-14,86.5705,86.7225,86.5265,86.5725
2025-01-15,86.4855,86.5155,86.3025,86.3845
2025-01-16,86.4815,86.6075,86.4605,86.6045
2025-01-17,86.5915,86.6305,86.5645,86.6065
2025-01-20,86.5305,86.5735,86.5185,86.5445
2025-01-21,86.4895,86.5995,86.4595,86.5995
2025-01-22,86.5385,86.5855,86.2965,86.3595
2025-01-23,86.4175,86.5225,86.4145,86.4325
2025-01-24,86.3055,86.3625,86.1625,86.2465
2025-01-27,86.4145,86.4525,86.2735,86.2825
2025-01-28,86.5425,86.5745,86.4875,86.5665
2025-01-29,86.5905,86.5955,86.4925,86.5505
2025-01-30,86.5745,86.6615,86.5685,86.6365
2025-01-31,86.6455,86.6695,86.5905,86.6355
2025-02-03,87.1105,87.2105,87.0665,87.1455
2025-02-04,87.1125,87.1325,87.0315,87.0635
2025-02-05,87.1625,87.4925,87.1365,87.4255
2025-02-06,87.5295,87.5965,87.5255,87.5755
2025-02-07,87.4665,87.4955,87.3155,87.4665
2025-02-10,87.5975,87.6305,87.4295,87.4475
2025-02-11,86.8975,86.9455,86.6405,86.8215
2025-02-12,86.8375,86.9205,86.8005,86.9175
2025-02-13,86.8555,86.9075,86.8385,86.8895
2025-02-14,86.8675,86.9025,86.7755,86.8085
2025-02-17,86.7705,86.8925,86.7555,86.8705
2025-02-18,86.9345,86.9855,86.9245,86.9455
2025-02-19,86.8805,86.9225,86.8145,86.8855
2025-02-20,86.7975,86.8025,86.5785,86.6475
2025-02-21,86.6425,86.7755,86.6275,86.6545
2025-02-24,86.7005,86.7505,86.6715,86.7275
2025-02-25,86.8555,87.2525,86.8545,87.1915
2025-02-27,87.1405,87.2625,87.1305,87.1915
2025-02-28,87.3905,87.5585,87.2795,87.4175
2025-03-03,87.3255,87.4055,87.2995,87.3075
2025-03-04,87.3595,87.3925,87.2665,87.2915
2025-03-05,87.1225,87.1375,86.9225,87.0205
2025-03-06,87.0145,87.1605,87.0005,87.1085
2025-03-07,87.1755,87.1895,86.8625,86.9355
2025-03-10,87.1835,87.3605,87.1835,87.3335
2025-03-11,87.3015,87.3375,87.1605,87.1995
2025-03-12,87.2165,87.3075,87.1915,87.2275
2025-03-13,87.0335,87.0955,86.9505,87.0375
2025-03-14,86.9505,86.9845,86.8715,86.9485
2025-03-17,86.8155,86.8845,86.7565,86.7945
2025-03-18,86.7425,86.7425,86.5305,86.5625
2025-03-19,86.5205,86.6055,86.3215,86.3615
2025-03-20,86.2835,86.4025,86.2735,86.3555
2025-03-21,86.2425,86.2855,85.9225,85.9555
2025-03-24,85.8285,85.8675,85.4775,85.6025
2025-03-25,85.7495,85.8305,85.7035,85.7285
2025-03-26,85.7925,85.8955,85.6805,85.7105
2025-03-27,85.7665,85.8435,85.7355,85.7515
2025-03-28,85.6505,85.6555,85.4025,85.4785
2025-03-31,85.4945,85.5415,85.4205,85.4285
2025-04-01,85.4805,85.5905,85.4705,85.5495
2025-04-02,85.6475,85.6675,85.5025,85.5025
2025-04-03,85.6895,85.6925,85.4205,85.4245
2025-04-04,85.0625,85.3325,85.0505,85.2165
2025-04-07,85.6495,85.9055,85.6495,85.8325
2025-04-08,85.8675,86.2955,85.8485,86.2705
2025-04-09,86.5975,86.7155,86.4755,86.6925
2025-04-10,86.2785,86.3115,86.1955,86.2245
2025-04-11,86.0105,86.1825,85.9355,86.0315
2025-04-14,86.0115,86.0475,85.9305,86.0305
2025-04-15,85.6425,85.8305,85.6385,85.7675
2025-04-16,85.5775,85.7205,85.5655,85.6685
2025-04-17,85.5455,85.6175,85.3455,85.3755
2025-04-22,85.1225,85.2025,85.0615,85.1925
2025-04-23,85.3135,85.5255,85.2955,85.4015
2025-04-24,85.6315,85.6455,85.2485,85.2735
2025-04-25,85.2255,85.6605,85.2055,85.4355
2025-04-28,85.3185,85.3205,84.9485,85.0275
2025-04-29,85.2315,85.3975,85.1625,85.2675
2025-04-30,85.1495,85.1545,84.4695,84.4845
2025-05-02,83.9755,84.5345,83.8085,84.5235
2025-05-05,84.2125,84.4565,84.1145,84.2555
2025-05-06,84.3985,84.6375,84.3425,84.4265
2025-05-07,84.5525,84.9075,84.4975,84.8305
2025-05-08,84.5655,85.7975,84.5485,85.7155
2025-05-09,85.8085,85.8785,85.3215,85.3555
2025-05-12,84.6745,84.9585,84.6265,84.8345
2025-05-13,84.8715,85.4705,84.8275,85.3355
2025-05-14,85.4825,85.5205,85.2245,85.2655
2025-05-15,85.6255,85.7415,85.4755,85.5305
2025-05-16,85.5535,85.7005,85.4975,85.5105
2025-05-19,85.5235,85.5255,85.3445,85.4025
2025-05-20,85.4475,85.6575,85.3825,85.6405
2025-05-21,85.6145,85.7005,85.5225,85.6425
2025-05-22,85.6705,86.1075,85.6435,86.0075
2025-05-23,85.8415,85.8755,85.1155,85.2145
2025-05-26,84.8275,85.1755,84.8155,85.1055
2025-05-27,85.2745,85.4555,85.1955,85.3485
2025-05-28,85.6595,85.7245,85.3325,85.3615
2025-05-29,85.5195,85.6205,85.3995,85.5215
2025-05-30,85.2785,85.6425,85.2655,85.5865
2025-06-02,85.4205,85.4775,85.2985,85.3875
2025-06-03,85.4745,85.5975,85.4395,85.5865
2025-06-04,85.8475,86.0395,85.8155,85.9055
2025-06-05,85.8835,85.9565,85.6735,85.7985
2025-06-06,85.7535,85.9955,85.6275,85.6475
2025-06-09,85.5105,85.6965,85.5075,85.6355
2025-06-10,85.5655,85.6885,85.5155,85.6085
2025-06-11,85.4715,85.5655,85.4225,85.5085
2025-06-12,85.4755,85.6555,85.4545,85.6075
2025-06-13,86.0575,86.1855,85.9255,86.1065
2025-06-16,86.0615,86.0955,85.9465,86.0575
2025-06-17,86.0115,86.2855,85.9655,86.2485
2025-06-18,86.3075,86.5655,86.2845,86.4795
2025-06-19,86.5685,86.9115,86.5375,86.7305
2025-06-20,86.5705,86.6645,86.5555,86.5935
2025-06-23,86.8415,86.8625,86.6755,86.7585
2025-06-24,86.2155,86.2655,85.8995,85.9655
2025-06-25,85.9735,86.1325,85.7915,86.0825
2025-06-26,85.8895,85.9025,85.6205,85.7185
2025-06-27,85.5155,85.6475,85.4335,85.4805
2025-06-30,85.5115,85.7905,85.4655,85.7605
2025-07-01,85.6075,85.6685,85.4725,85.5175
2025-07-02,85.6365,85.7645,85.6255,85.7105
2025-07-03,85.3165,85.3255,85.2775,85.3155
2025-07-04,85.4775,85.4805,85.3075,85.3975
2025-07-07,85.6915,86.0325,85.6855,85.8635
2025-07-08,85.7875,85.7875,85.6395,85.7075
2025-07-09,85.8555,85.8785,85.6455,85.6875
2025-07-10,85.6125,85.6905,85.5325,85.6405
2025-07-11,85.8835,85.9105,85.7835,85.7965
2025-07-14,85.9685,86.0525,85.9605,85.9795
2025-07-15,85.8725,85.8965,85.7515,85.8185
2025-07-16,85.9405,85.9755,85.7335,85.9455
2025-07-17,85.8255,86.0965,85.8255,86.0805
2025-07-18,86.2065,86.2345,86.1035,86.1605
2025-07-21,86.2755,86.3125,86.2015,86.2975
2025-07-22,86.2375,86.4215,86.2375,86.3725
2025-07-23,86.3545,86.4655,86.3365,86.4065
2025-07-24,86.2895,86.4245,86.2705,86.4135
2025-07-25,86.5045,86.6295,86.4875,86.5225
2025-07-28,86.5065,86.6725,86.5005,86.6705
2025-07-29,86.8755,86.9175,86.7695,86.8205
2025-07-30,87.2025,87.5305,87.1855,87.4345
2025-07-31,87.6785,87.6825,87.5125,87.6005
2025-08-01,87.2385,87.5585,87.2235,87.5425
2025-08-04,87.4305,87.6925,87.4235,87.6605
2025-08-05,87.7905,87.8525,87.7365,87.7975
2025-08-06,87.7425,87.8015,87.6365,87.7275
2025-08-07,87.7155,87.7755,87.6715,87.6835
2025-08-08,87.6205,87.7505,87.5875,87.6565
2025-08-11,87.5805,87.6635,87.5415,87.6635
2025-08-12,87.6645,87.7325,87.5845,87.7085
2025-08-13,87.6345,87.7255,87.3815,87.3985
2025-08-14,87.4345,87.6795,87.4165,87.5435
2025-08-15,87.6135,87.6355,87.4995,87.4995
2025-08-18,87.3755,87.4425,87.3285,87.3605
2025-08-19,87.2755,87.3105,86.9215,86.9505
2025-08-20,87.0135,87.1275,86.9795,87.0755
2025-08-21,86.9685,87.2715,86.9265,87.2605
2025-08-22,87.4375,87.5415,87.4175,87.5225
2025-08-25,87.4255,87.6205,87.3955,87.5855
2025-08-26,87.7675,87.7925,87.6275,87.6895
2025-08-27,87.6985,87.8835,87.6875,87.8425
2025-08-28,87.6105,87.6805,87.5605,87.6205
2025-08-29,87.7575,88.3125,87.7575,88.2155
2025-09-01,88.2645,88.3245,88.1255,88.2005
2025-09-02,88.0325,88.2025,87.8455,88.1605
2025-09-03,88.0565,88.1905,87.9915,88.0755
2025-09-04,88.1025,88.1855,88.0655,88.1515
2025-09-05,88.1755,88.3605,88.1665,88.2575
2025-09-08,88.1865,88.1865,87.9215,88.0235
2025-09-09,88.0325,88.1835,88.0315,88.1165
2025-09-10,88.1575,88.1945,88.0705,88.0925
2025-09-11,88.1775,88.4625,88.1715,88.4505
2025-09-12,88.3375,88.3395,88.2595,88.2735
2025-09-15,88.2855,88.2855,88.1505,88.2175
2025-09-16,88.1355,88.1405,88.0165,88.0605
2025-09-17,87.7725,87.8575,87.7355,87.8125
2025-09-18,88.0065,88.1565,87.9915,88.1325
2025-09-19,88.2955,88.3015,88.0515,88.0955
2025-09-22,88.1675,88.3455,88.1165,88.3205
2025-09-23,88.5695,88.8005,88.5555,88.7655
2025-09-24,88.6995,88.7775,88.6825,88.6955
2025-09-25,88.6305,88.7065,88.6155,88.6625
2025-09-26,88.7155,88.7305,88.6615,88.7035
2025-09-29,88.7415,88.7725,88.7195,88.7515
2025-09-30,88.7405,88.8055,88.7305,88.7845
2025-10-01,88.7625,88.7795,88.6535,88.6955
2025-10-02,88.7715,88.8825,88.7025,88.7345
2025-10-03,88.7625,88.7875,88.7315,88.7855
2025-10-06,88.7525,88.7995,88.7505,88.7805
2025-10-07,88.7215,88.7805,88.7085,88.7805
2025-10-08,88.7685,88.8005,88.7455,88.7825
2025-10-09,88.7775,88.7975,88.7755,88.7905
2025-10-10,88.7795,88.7905,88.4945,88.6905
2025-10-13,88.7605,88.7975,88.5765,88.6715
2025-10-14,88.7715,88.8045,88.7655,88.8005
2025-10-15,88.3305,88.3925,87.9945,88.0805
2025-10-16,87.7875,87.9485,87.7805,87.8165
2025-10-17,87.8615,87.9805,87.8355,87.9805
2025-10-20,87.7455,87.9465,87.7405,87.9325
2025-10-21,87.9285,88.0925,87.9285,87.9815
2025-10-22,87.7465,87.8145,87.6115,87.7555
2025-10-23,87.8805,87.9625,87.8455,87.8455
2025-10-24,87.6435,87.8515,87.6405,87.8475
2025-10-27,88.0605,88.3095,88.0575,88.2215
2025-10-28,88.2935,88.3375,88.2285,88.2815
2025-10-29,88.2095,88.2975,88.1495,88.1785
2025-10-30,88.4785,88.7645,88.4755,88.7345
2025-10-31,88.7435,88.7815,88.6675,88.7035
2025-11-03,88.7825,88.8005,88.7365,88.7785
2025-11-04,88.5775,88.7115,88.5725,88.6895
2025-11-05,88.7325,88.7615,88.6035,88.6395
2025-11-06,88.6085,88.6625,88.5585,88.6215
2025-11-07,88.7075,88.7275,88.6325,88.6485
2025-11-10,88.6925,88.7275,88.6645,88.7255
2025-11-11,88.6915,88.7025,88.5115,88.5755
2025-11-12,88.5925,88.6495,88.5675,88.6185
2025-11-13,88.6925,88.7325,88.6285,88.7005
2025-11-14,88.7275,88.7575,88.7105,88.7125
2025-11-17,88.6295,88.6925,88.5875,88.6445
2025-11-18,88.6315,88.6555,88.5835,88.6015
2025-11-19,88.4235,88.5955,88.4165,88.5725
2025-11-20,88.7165,88.7255,88.6505,88.7115
2025-11-21,88.6325,89.7085,88.6255,89.6075
2025-11-24,89.1915,89.2825,89.1015,89.1135
2025-11-25,89.1815,89.2745,89.1615,89.1915
2025-11-26,89.2425,89.2875,89.2145,89.2655
2025-11-27,89.2455,89.3475,89.2325,89.3425
2025-11-28,89.4755,89.5155,89.3825,89.4575
2025-12-01,89.6055,89.8005,89.5105,89.5445
2025-12-02,89.8955,89.9855,89.8295,89.9615
2025-12-03,90.1865,90.3295,90.0845,90.1985
2025-12-04,90.2655,90.2905,89.8755,89.9195
2025-12-05,89.9255,90.0765,89.8655,89.9665
2025-12-08,90.1655,90.1905,90.0755,90.1145
2025-12-09,89.9305,90.0055,89.8305,89.8665
2025-12-10,89.8655,90.0825,89.8435,89.9585
2025-12-11,90.2505,90.4725,90.2385,90.3545
2025-12-12,90.3255,90.4875,90.2775,90.4875
2025-12-15,90.7255,90.7925,90.6305,90.7485
2025-12-16,90.8575,91.0825,90.8575,90.9485
2025-12-17,90.2935,90.4115,90.2365,90.3985
2025-12-18,90.2375,90.3485,90.0425,90.2915
2025-12-19,90.1875,90.3025,89.2555,89.6425
2025-12-22,89.5775,89.7545,89.4775,89.7095
2025-12-23,89.7255,89.8505,89.5225,89.5485
2025-12-24,89.7725,89.8205,89.7085,89.7275
2025-12-29,89.9755,89.9925,89.8885,89.9275
2025-12-30,89.9575,89.9755,89.6915,89.7075
2025-12-31,89.8985,89.9475,89.7885,89.8835